job_link,job_title,comp_name,location,expire_date,update_date,industry,staff_type,salary,exp,job_level
https://careerbuilder.vn/vi/tim-viec-lam/kien-truc-du-lieu.35BDDD86.html,Kiến trúc Dữ liệu,Ngân Hàng TMCP Sài Gòn - Hà Nội ( SHB ),Hà Nội,Hạn nộp: 24-12-2023,['25-11-2023'],"CNTT - Phần mềm, CNTT - Phần cứng / Mạng",Nhân viên chính thức,Cạnh tranh,Trên4 Năm,Nhân viên
https://careerbuilder.vn/vi/tim-viec-lam/kien-truc-du-lieu.35BF0F7B.html,"Kiến trúc Dữ liệu
                                             (Mới)",Ngân Hàng TMCP Sài Gòn - Hà Nội ( SHB ),Hà Nội,Hạn nộp: 26-12-2023,['27-11-2023'],"CNTT - Phần mềm, CNTT - Phần cứng / Mạng",Nhân viên chính thức,Cạnh tranh,Trên4 Năm,Nhân viên
https://careerbuilder.vn/vi/tim-viec-lam/data-engineer-khoi-du-lieu.35BEFF75.html,Data Engineer - Khối Dữ liệu,Ngân Hàng TMCP Quân Đội,Hà Nội,Hạn nộp: 31-12-2023,['24-11-2023'],"CNTT - Phần mềm, Ngân hàng",Nhân viên chính thức,Cạnh tranh,Trên1 Năm,Nhân viên
https://careerbuilder.vn/vi/tim-viec-lam/business-analyst-khoi-du-lieu.35BDBD74.html,Business Analyst - Khối Dữ Liệu,Ngân Hàng TMCP Quân Đội,Hà Nội,Hạn nộp: 06-12-2023,['07-11-2023'],"CNTT - Phần mềm, Ngân hàng, Quản lý chất lượng (QA/QC)",Nhân viên chính thức,Cạnh tranh,1 - 5 Năm,Nhân viên
https://careerbuilder.vn/vi/tim-viec-lam/business-analyst-khoi-du-lieu.35BDFF14.html,Business Analyst - Khối Dữ Liệu,Ngân Hàng TMCP Quân Đội,Hà Nội,Hạn nộp: 10-12-2023,['11-11-2023'],"CNTT - Phần mềm, Ngân hàng, Quản lý chất lượng (QA/QC)",Nhân viên chính thức,Cạnh tranh,1 - 5 Năm,Nhân viên
https://careerbuilder.vn/vi/tim-viec-lam/chuyen-vien-phan-tich-du-lieu.35BEF92E.html,Chuyên Viên Phân Tích Dữ Liệu,Công ty Cổ phần CANIFA,Hà Nội,Cơ hội ứng tuyển chỉ còn: 1 ngày,['28-11-2023'],"Kế toán / Kiểm toán, CNTT - Phần mềm, Dệt may / Da giày / Thời trang",Nhân viên chính thức,10 Tr - 20 Tr VND,2 - 10 Năm,Nhân viên
https://careerbuilder.vn/vi/tim-viec-lam/chuyen-gia-phan-tich-du-lieu-cvp.35BDCA8B.html,Chuyên gia Phân tích dữ liệu - CVP,Công Ty Tài Chính TNHH MB SHINSEI (MCREDIT),Hà Nội,Hạn nộp: 13-12-2023,['14-11-2023'],"CNTT - Phần mềm, Kế toán / Kiểm toán, Ngân hàng",Nhân viên chính thức,Cạnh tranh,5 - 7 Năm,Nhân viên
https://careerbuilder.vn/vi/tim-viec-lam/chuyen-gia-phan-tich-du-lieu.35BDB9F3.html,Chuyên gia Phân tích dữ liệu,Ngân Hàng TMCP Sài Gòn - Hà Nội ( SHB ),Hà Nội,Cơ hội ứng tuyển chỉ còn: 6 ngày,['06-11-2023'],"CNTT - Phần mềm, Kế toán / Kiểm toán, Ngân hàng",Nhân viên chính thức,Cạnh tranh,Trên2 Năm,Nhân viên
https://careerbuilder.vn/vi/tim-viec-lam/ky-su-du-lieu.35BE1654.html,Kỹ Sư Dữ Liệu,Công Ty CP Chứng Khoán MB,Hà Nội,Hạn nộp: 23-12-2023,['24-11-2023'],"Ngân hàng, CNTT - Phần mềm, CNTT - Phần cứng / Mạng",Nhân viên chính thức,Cạnh tranh,nan,Nhân viên
https://careerbuilder.vn/vi/tim-viec-lam/chuyen-vien-du-lieu.35BE17E1.html,Chuyên Viên Dữ Liệu,Công Ty CP Chứng Khoán MB,Hà Nội,Hạn nộp: 23-12-2023,['24-11-2023'],"Ngân hàng, CNTT - Phần mềm, CNTT - Phần cứng / Mạng",Nhân viên chính thức,Cạnh tranh,nan,Nhân viên
https://careerbuilder.vn/vi/tim-viec-lam/chuyen-vien-cvcc-chuyen-gia-quan-ly-cau-truc-du-lieu-khoi-du-lieu.35BDEB89.html,Chuyên viên/CVCC/Chuyên gia Quản lý cấu trúc dữ liệu - Khối Dữ liệu,Ngân Hàng TMCP Quân Đội,Hà Nội,Cơ hội ứng tuyển chỉ còn: 3 ngày,['02-11-2023'],"Ngành khác, Ngân hàng",Nhân viên chính thức,Cạnh tranh,1 - 5 Năm,Nhân viên
https://careerbuilder.vn/vi/tim-viec-lam/chuyen-vien-cvcc-chuyen-gia-chinh-sach-va-chat-luong-du-lieu-khoi-du-lieu.35BDEB86.html,Chuyên viên/CVCC/Chuyên gia Chính sách và chất lượng dữ liệu - Khối Dữ liệu,Ngân Hàng TMCP Quân Đội,Hà Nội,Cơ hội ứng tuyển chỉ còn: 3 ngày,['02-11-2023'],"Ngân hàng, Thống kê",Nhân viên chính thức,Cạnh tranh,1 - 5 Năm,Nhân viên
https://careerbuilder.vn/vi/tim-viec-lam/van-phong-chuyen-doi-trung-tam-du-lieu-phan-tich-truong-phong-quan-tri-du-lieu.35BF0689.html,Văn phòng Chuyển đổi - Trung tâm Dữ liệu & Phân tích - Trưởng Phòng Quản trị dữ liệu,LPBank,Hà Nội,Hạn nộp: 31-12-2023,['29-11-2023'],"Bán hàng / Kinh doanh, Ngân hàng",Nhân viên chính thức,Cạnh tranh,Trên5 Năm,Quản lý
https://careerbuilder.vn/vi/tim-viec-lam/van-phong-chuyen-doi-trung-tam-du-lieu-phan-tich-chuyen-gia-quan-tri-du-lieu.35BF0691.html,Văn phòng Chuyển đổi - Trung tâm Dữ liệu & Phân tích - Chuyên gia Quản trị dữ liệu,LPBank,Hà Nội,Hạn nộp: 31-12-2023,['29-11-2023'],"Bán hàng / Kinh doanh, Ngân hàng",Nhân viên chính thức,Cạnh tranh,Trên5 Năm,Nhân viên
https://careerbuilder.vn/vi/tim-viec-lam/data-scientist-trung-tam-cong-nghe-du-lieu-khoi-du-lieu.35BDB985.html,Data Scientist - Trung tâm Công nghệ Dữ Liệu - Khối Dữ Liệu,Ngân Hàng TMCP Quân Đội,Hà Nội,Cơ hội ứng tuyển chỉ còn: 6 ngày,['05-11-2023'],"CNTT - Phần mềm, Kế toán / Kiểm toán, Ngân hàng",Nhân viên chính thức,Cạnh tranh,3 - 5 Năm,Nhân viên
https://careerbuilder.vn/vi/tim-viec-lam/data-scientist-trung-tam-cong-nghe-du-lieu-khoi-du-lieu.35BDFF15.html,Data Scientist - Trung tâm Công nghệ Dữ Liệu - Khối Dữ Liệu,Ngân Hàng TMCP Quân Đội,Hà Nội,Hạn nộp: 10-12-2023,['11-11-2023'],"CNTT - Phần mềm, Kế toán / Kiểm toán, Ngân hàng",Nhân viên chính thức,Cạnh tranh,3 - 5 Năm,Nhân viên
https://careerbuilder.vn/vi/tim-viec-lam/data-analyst-khoi-du-lieu.35BEE31B.html,Data Analyst - Khối Dữ Liệu,Ngân Hàng TMCP Quân Đội,Hà Nội,Hạn nộp: 31-12-2023,['16-11-2023'],"CNTT - Phần mềm, Kế toán / Kiểm toán, Ngân hàng",Nhân viên chính thức,Cạnh tranh,2 - 5 Năm,Nhân viên
https://careerbuilder.vn/vi/tim-viec-lam/chuyen-vien-quan-ly-kho-va-mo-hinh-du-lieu.35BE0BCD.html,Chuyên viên Quản lý Kho và Mô hình dữ liệu,Ngân Hàng TMCP Sài Gòn - Hà Nội ( SHB ),Hà Nội,Hạn nộp: 17-12-2023,['18-11-2023'],"CNTT - Phần mềm, Ngân hàng",Nhân viên chính thức,Cạnh tranh,Trên2 Năm,Nhân viên
https://careerbuilder.vn/vi/tim-viec-lam/chuyen-vien-quan-ly-kho-va-mo-hinh-du-lieu.35BF11E3.html,"Chuyên viên Quản lý Kho và Mô hình dữ liệu
                                             (Mới)",Ngân Hàng TMCP Sài Gòn - Hà Nội ( SHB ),Hà Nội,Hạn nộp: 26-12-2023,['27-11-2023'],"CNTT - Phần mềm, Ngân hàng",Nhân viên chính thức,Cạnh tranh,Trên2 Năm,Nhân viên
https://careerbuilder.vn/vi/tim-viec-lam/chuyen-vien-phan-tich-du-lieu-khoi-cntt.35BED9A4.html,Chuyên viên Phân tích Dữ liệu (Khối CNTT),Ngân Hàng TMCP Sài Gòn - Hà Nội ( SHB ),Hà Nội,,['20-11-2023'],"CNTT - Phần mềm, Ngân hàng",Nhân viên chính thức,Cạnh tranh,Trên2 Năm,Nhân viên
https://careerbuilder.vn/vi/tim-viec-lam/chuyen-vien-phan-tich-du-lieu-khoi-cntt.35BDE3D8.html,Chuyên viên Phân tích Dữ liệu (Khối CNTT),Ngân Hàng TMCP Sài Gòn - Hà Nội ( SHB ),Hà Nội,Hạn nộp: 26-12-2023,['27-11-2023'],"Ngân hàng, CNTT - Phần mềm",Nhân viên chính thức,Cạnh tranh,Trên2 Năm,Nhân viên
https://careerbuilder.vn/vi/tim-viec-lam/giam-doc-trung-tam-nen-tang-du-lieu.35BEE502.html,Giám đốc Trung tâm Nền tảng dữ liệu,Ngân Hàng TMCP Việt Nam Thịnh Vượng - VPBANK,Hà Nội,Hạn nộp: 15-12-2023,['24-11-2023'],"CNTT - Phần mềm, Ngân hàng, Quản lý điều hành",Nhân viên chính thức,Cạnh tranh,10 - 15 Năm,Quản lý
https://careerbuilder.vn/vi/tim-viec-lam/chuyen-vien-cao-cap-data-architect-khoi-du-lieu.35BDEB5D.html,Chuyên viên cao cấp (Data Architect) - Khối Dữ Liệu,Ngân Hàng TMCP Quân Đội,Hà Nội,Cơ hội ứng tuyển chỉ còn: 3 ngày,['02-11-2023'],"CNTT - Phần mềm, Ngân hàng, Thống kê",Nhân viên chính thức,Cạnh tranh,3 - 5 Năm,Nhân viên
https://careerbuilder.vn/vi/tim-viec-lam/chuyen-vien-tich-hop-du-lieu-intergration-engineering.35BDFE61.html,Chuyên viên tích hợp dữ liệu (Intergration Engineering),Ngân hàng TMCP Đại Chúng Việt Nam - PVcomBank,Hà Nội,Hạn nộp: 10-12-2023,['11-11-2023'],"CNTT - Phần cứng / Mạng, CNTT - Phần mềm, Ngân hàng",Nhân viên chính thức,Cạnh tranh,2 - 4 Năm,Nhân viên
https://careerbuilder.vn/vi/tim-viec-lam/chuyen-vien-tich-hop-du-lieu-intergration-engineering.35BDBCA3.html,Chuyên viên tích hợp dữ liệu (Intergration Engineering),Ngân hàng TMCP Đại Chúng Việt Nam - PVcomBank,Hà Nội,Hạn nộp: 06-12-2023,['07-11-2023'],"CNTT - Phần cứng / Mạng, CNTT - Phần mềm, Ngân hàng",Nhân viên chính thức,Cạnh tranh,2 - 4 Năm,Nhân viên
https://careerbuilder.vn/vi/tim-viec-lam/chuyen-vien-tich-hop-du-lieu-intergration-engineering.35BEEC00.html,Chuyên viên tích hợp dữ liệu (Intergration Engineering),Ngân hàng TMCP Đại Chúng Việt Nam - PVcomBank,Hà Nội,Cơ hội ứng tuyển chỉ còn: 1 ngày,['28-11-2023'],"CNTT - Phần cứng / Mạng, CNTT - Phần mềm, Ngân hàng",Nhân viên chính thức,Cạnh tranh,2 - 4 Năm,Nhân viên
https://careerbuilder.vn/vi/tim-viec-lam/cvcc-cg-kien-truc-du-lieu-ban-du-an.35BDED29.html,CVCC/CG Kiến trúc dữ liệu - Ban Dự án,Ngân Hàng TMCP Quân Đội,Hà Nội,Cơ hội ứng tuyển chỉ còn: 4 ngày,['03-11-2023'],"CNTT - Phần mềm, CNTT - Phần cứng / Mạng, Ngân hàng",Nhân viên chính thức,Cạnh tranh,3 - 10 Năm,Nhân viên
https://careerbuilder.vn/vi/tim-viec-lam/cvcc-cg-kien-truc-du-lieu-ban-du-an.35BDC9EC.html,CVCC/CG Kiến trúc dữ liệu - Ban Dự án,Ngân Hàng TMCP Quân Đội,Hà Nội,Hạn nộp: 12-12-2023,['13-11-2023'],"CNTT - Phần mềm, CNTT - Phần cứng / Mạng, Ngân hàng",Nhân viên chính thức,Cạnh tranh,3 - 10 Năm,Nhân viên
https://careerbuilder.vn/vi/tim-viec-lam/chuyen-vien-quan-tri-co-so-du-lieu-database-administrator.35BDEACF.html,Chuyên viên Quản trị cơ sở dữ liệu (Database Administrator),CÔNG TY TÀI CHÍNH BƯU ĐIỆN,Hà Nội,Cơ hội ứng tuyển chỉ còn: 3 ngày,['02-11-2023'],"Ngân hàng, Tài chính / Đầu tư, CNTT - Phần mềm",Nhân viên chính thức,18 Tr - 23 Tr VND,1 - 3 Năm,Nhân viên
https://careerbuilder.vn/vi/tim-viec-lam/chuyen-vien-cao-cap-phan-tich-du-lieu-rui-ro.35BDF418.html,Chuyên viên cao cấp Phân tích dữ liệu rủi ro,Ngân Hàng TMCP Sài Gòn - Hà Nội ( SHB ),Hà Nội,Cơ hội ứng tuyển chỉ còn: 6 ngày,['06-11-2023'],"CNTT - Phần mềm, Kế toán / Kiểm toán, Ngân hàng",Nhân viên chính thức,Cạnh tranh,Trên2 Năm,Nhân viên
https://careerbuilder.vn/vi/tim-viec-lam/chuyen-vien-cao-cap-phan-tich-du-lieu-rui-ro.35BEE910.html,Chuyên viên cao cấp Phân tích dữ liệu rủi ro,Ngân Hàng TMCP Sài Gòn - Hà Nội ( SHB ),Hà Nội,Cơ hội ứng tuyển chỉ còn: 6 ngày,['27-11-2023'],"CNTT - Phần mềm, Kế toán / Kiểm toán, Ngân hàng",Nhân viên chính thức,Cạnh tranh,Trên2 Năm,Nhân viên
https://careerbuilder.vn/vi/tim-viec-lam/chuyen-vien-quan-tri-mo-hinh-du-lieu-data-modeling.35BEFF73.html,Chuyên Viên - Quản Trị Mô Hình Dữ Liệu (Data Modeling),Công Ty CP Vàng Bạc Đá Quý Phú Nhuận - PNJ,Hồ Chí Minh,Hạn nộp: 25-12-2023,['24-11-2023'],"CNTT - Phần mềm, Thống kê",Nhân viên chính thức,Cạnh tranh,2 - 4 Năm,Nhân viên
https://careerbuilder.vn/vi/tim-viec-lam/chuyen-vien-quan-tri-mo-hinh-du-lieu-data-modeling.35BDEEE3.html,Chuyên Viên - Quản Trị Mô Hình Dữ Liệu (Data Modeling),Công Ty CP Vàng Bạc Đá Quý Phú Nhuận - PNJ,Hồ Chí Minh,Cơ hội ứng tuyển chỉ còn: 4 ngày,['04-11-2023'],"CNTT - Phần mềm, Thống kê",Nhân viên chính thức,Cạnh tranh,2 - 4 Năm,Nhân viên
https://careerbuilder.vn/vi/tim-viec-lam/van-phong-chuyen-doi-trung-tam-du-lieu-phan-tich-chuyen-gia-phong-chien-luoc-du-lieu.35BF0699.html,Văn phòng Chuyển đổi - Trung tâm Dữ liệu & Phân tích - Chuyên gia Phòng Chiến lược dữ liệu,LPBank,Hà Nội,Hạn nộp: 31-12-2023,['29-11-2023'],"Bán hàng / Kinh doanh, Ngân hàng",Nhân viên chính thức,Cạnh tranh,Trên5 Năm,Nhân viên
https://careerbuilder.vn/vi/tim-viec-lam/van-phong-chuyen-doi-trung-tam-du-lieu-phan-tich-to-truong-phong-phan-tich-khai-thac-du-lieu.35BF069C.html,Văn phòng Chuyển đổi - Trung tâm Dữ liệu & Phân tích - Tổ trưởng Phòng Phân tích & Khai thác Dữ liệu,LPBank,Hà Nội,Hạn nộp: 31-12-2023,['29-11-2023'],"Bán hàng / Kinh doanh, Ngân hàng",Nhân viên chính thức,Cạnh tranh,Trên5 Năm,Quản lý
https://careerbuilder.vn/vi/tim-viec-lam/van-phong-chuyen-doi-trung-tam-du-lieu-phan-tich-chuyen-gia-phong-phan-tich-khai-thac-du-lieu.35BF06A0.html,Văn phòng Chuyển đổi - Trung tâm Dữ liệu & Phân tích - Chuyên gia Phòng Phân tích & Khai thác Dữ liệu,LPBank,Hà Nội,Hạn nộp: 31-12-2023,['29-11-2023'],"Bán hàng / Kinh doanh, Ngân hàng",Nhân viên chính thức,Cạnh tranh,Trên5 Năm,Quản lý
https://careerbuilder.vn/vi/tim-viec-lam/chuyen-vien-phan-tich-du-lieu.35BDE1EE.html,Chuyên viên Phân tích dữ liệu,Ngân Hàng TMCP Sài Gòn - Hà Nội ( SHB ),Hà Nội,Hạn nộp: 26-12-2023,['27-11-2023'],"CNTT - Phần mềm, Kế toán / Kiểm toán, Ngân hàng",Nhân viên chính thức,Cạnh tranh,Trên3 Năm,Nhân viên
https://careerbuilder.vn/vi/tim-viec-lam/chuyen-vien-tai-chinh-mang-du-lieu.35BEFBA5.html,Chuyên viên Tài chính mảng Dữ liệu,Công Ty Quản Lý Nợ Và Khai Thác Tài Sản - Ngân Hàng TMCP Quân Đội,Hà Nội,Hạn nộp: 31-12-2023,['29-11-2023'],"Kế toán / Kiểm toán, Ngân hàng, Tài chính / Đầu tư",Nhân viên chính thức,12 Tr - 25 Tr VND,Trên2 Năm,Nhân viên
https://careerbuilder.vn/vi/tim-viec-lam/van-phong-chuyen-doi-trung-tam-du-lieu-phan-tich-chuyen-vien-cap-4-phong-phan-tich-khai-thac-du-lieu.35BF06A1.html,Văn phòng Chuyển đổi - Trung tâm Dữ liệu & Phân tích - Chuyên viên cấp 4 Phòng Phân tích & Khai thác Dữ liệu,LPBank,Hà Nội,Hạn nộp: 31-12-2023,['29-11-2023'],"Bán hàng / Kinh doanh, Ngân hàng",Nhân viên chính thức,Cạnh tranh,Trên3 Năm,Nhân viên
https://careerbuilder.vn/vi/tim-viec-lam/chuyen-vien-cao-cap-quan-tri-du-lieu-ha-noi-ta083.35BE5852.html,Chuyên viên cao cấp Quản trị dữ liệu - Hà Nội - TA083,Ngân Hàng TMCP Việt Nam Thịnh Vượng - VPBANK,Hà Nội,Hạn nộp: 25-12-2023,['26-11-2023'],"CNTT - Phần mềm, Kế toán / Kiểm toán, Ngân hàng",Nhân viên chính thức,Cạnh tranh,2 - 4 Năm,Nhân viên
https://careerbuilder.vn/vi/tim-viec-lam/chuyen-vien-cvcc-mo-hinh-kinh-doanh-data-scientist-khoi-du-lieu.35BDCD0F.html,Chuyên viên/CVCC Mô hình kinh doanh (Data scientist) - Khối Dữ liệu,Ngân Hàng TMCP Quân Đội,Hà Nội,Hạn nộp: 14-12-2023,['15-11-2023'],"CNTT - Phần mềm, Ngân hàng",Nhân viên chính thức,Cạnh tranh,Trên1 Năm,Nhân viên
https://careerbuilder.vn/vi/tim-viec-lam/chuyen-vien-cvcc-mo-hinh-kinh-doanh-data-scientist-khoi-du-lieu.35BEE567.html,Chuyên viên/CVCC Mô hình kinh doanh (Data scientist) - Khối Dữ liệu,Ngân Hàng TMCP Quân Đội,Hà Nội,Hạn nộp: 31-12-2023,['24-11-2023'],"CNTT - Phần mềm, Ngân hàng",Nhân viên chính thức,Cạnh tranh,Trên1 Năm,Nhân viên
https://careerbuilder.vn/vi/tim-viec-lam/chuyen-vien-cao-cap-quan-tri-du-lieu-ha-noi-ta083.35BED833.html,Chuyên viên cao cấp Quản trị dữ liệu - Hà Nội - TA083,Ngân Hàng TMCP Việt Nam Thịnh Vượng - VPBANK,Hà Nội,Cơ hội ứng tuyển chỉ còn: 1 ngày,['28-11-2023'],"CNTT - Phần mềm, Kế toán / Kiểm toán, Ngân hàng",Nhân viên chính thức,Cạnh tranh,2 - 4 Năm,Nhân viên
https://careerbuilder.vn/vi/tim-viec-lam/chuyen-vien-cvcc-kiem-dinh-mo-hinh-khoi-du-lieu.35BEE569.html,Chuyên viên/CVCC Kiểm định mô hình - Khối Dữ liệu,Ngân Hàng TMCP Quân Đội,Hà Nội,Hạn nộp: 31-12-2023,['24-11-2023'],"CNTT - Phần mềm, Ngân hàng",Nhân viên chính thức,Cạnh tranh,0 - 0 Năm,Nhân viên
https://careerbuilder.vn/vi/tim-viec-lam/chuyen-vien-cvcc-kiem-dinh-mo-hinh-khoi-du-lieu.35BDCD0A.html,Chuyên viên/CVCC Kiểm định mô hình - Khối Dữ liệu,Ngân Hàng TMCP Quân Đội,Hà Nội,Hạn nộp: 14-12-2023,['15-11-2023'],"CNTT - Phần mềm, Ngân hàng",Nhân viên chính thức,Cạnh tranh,0 - 0 Năm,Nhân viên
https://careerbuilder.vn/vi/tim-viec-lam/ban-tai-chinh-ho-hn-truong-phong-quan-tri-du-lieu.35BDD028.html,[Ban Tài chính - HO HN] Trưởng phòng Quản trị dữ liệu,ABBANK - Ngân Hàng TMCP An Bình,Hà Nội,Hạn nộp: 17-12-2023,['18-11-2023'],Ngân hàng,Nhân viên chính thức,Cạnh tranh,10 - 12 Năm,Quản lý
https://careerbuilder.vn/vi/tim-viec-lam/chuyen-vien-cvcc-cong-nghe-mo-hinh-khoi-du-lieu.35BDCD03.html,Chuyên viên/CVCC Công nghệ mô hình - Khối Dữ liệu,Ngân Hàng TMCP Quân Đội,Hà Nội,Hạn nộp: 14-12-2023,['15-11-2023'],"CNTT - Phần mềm, Ngân hàng",Nhân viên chính thức,Cạnh tranh,Trên1 Năm,Nhân viên
https://careerbuilder.vn/vi/tim-viec-lam/chuyen-vien-cvcc-cong-nghe-mo-hinh-ai-ml-ops-khoi-du-lieu.35BEE56B.html,Chuyên viên/CVCC Công nghệ mô hình (AI/ML Ops) - Khối Dữ liệu,Ngân Hàng TMCP Quân Đội,Hà Nội,Hạn nộp: 31-12-2023,['24-11-2023'],"CNTT - Phần mềm, Ngân hàng",Nhân viên chính thức,Cạnh tranh,Trên1 Năm,Nhân viên
https://careerbuilder.vn/vi/tim-viec-lam/chuyen-vien-cao-cap-quan-tri-du-lieu-hn-ta083.35BDEECE.html,Chuyên Viên cao cấp Quản trị dữ liệu - HN - TA083,Ngân Hàng TMCP Việt Nam Thịnh Vượng - VPBANK,Hà Nội,,['04-11-2023'],"CNTT - Phần mềm, Ngân hàng, Kế toán / Kiểm toán",Nhân viên chính thức,Cạnh tranh,3 - 5 Năm,Nhân viên
https://careerbuilder.vn/vi/tim-viec-lam/chuyen-vien-cao-cap-chuyen-gia-quan-tri-du-lieu-hn-ta083.35BF14BB.html,"Chuyên Viên cao cấp/ Chuyên gia Quản trị dữ liệu - HN - TA083
                                                                (Mới)",Ngân Hàng TMCP Việt Nam Thịnh Vượng - VPBANK,Hà Nội,Hạn nộp: 25-12-2023,['29-11-2023'],"CNTT - Phần mềm, Ngân hàng, Kế toán / Kiểm toán",Nhân viên chính thức,Cạnh tranh,3 - 5 Năm,Nhân viên
https://careerbuilder.vn/vi/tim-viec-lam/chuyen-vien-quan-tri-co-so-du-lieu-phong-mis-khoi-tai-chinh-ke-toan.35BDC031.html,"Chuyên viên quản trị cơ sở dữ liệu, Phòng MIS, Khối Tài chính kế toán",Ngân hàng TMCP Đại Chúng Việt Nam - PVcomBank,Hà Nội,Hạn nộp: 07-12-2023,['08-11-2023'],Ngân hàng,Nhân viên chính thức,Cạnh tranh,1 - 2 Năm,Nhân viên
https://careerbuilder.vn/vi/tim-viec-lam/chuyen-vien-quan-tri-co-so-du-lieu-phong-mis-khoi-tai-chinh-ke-toan.35BE13C6.html,"Chuyên viên quản trị cơ sở dữ liệu, Phòng MIS, Khối Tài chính kế toán",Ngân hàng TMCP Đại Chúng Việt Nam - PVcomBank,Hà Nội,Hạn nộp: 22-12-2023,['23-11-2023'],Ngân hàng,Nhân viên chính thức,Cạnh tranh,1 - 2 Năm,Nhân viên
https://careerbuilder.vn/vi/tim-viec-lam/chuyen-vien-cvcc-phan-tich-khach-hang-ca-nhan-khoi-du-lieu.35BDEB5F.html,Chuyên viên/CVCC Phân tích Khách hàng cá nhân - Khối Dữ liệu,Ngân Hàng TMCP Quân Đội,Hà Nội,Cơ hội ứng tuyển chỉ còn: 3 ngày,['02-11-2023'],"CNTT - Phần mềm, Ngân hàng",Nhân viên chính thức,Cạnh tranh,Trên2 Năm,Nhân viên
https://careerbuilder.vn/vi/tim-viec-lam/chuyen-vien-cao-cap-phan-tich-va-tich-hop-du-lieu-intergration-engineering.35BDFE60.html,Chuyên viên cao cấp phân tích và tích hợp dữ liệu (Intergration Engineering),Ngân hàng TMCP Đại Chúng Việt Nam - PVcomBank,Hà Nội,Hạn nộp: 10-12-2023,['11-11-2023'],"CNTT - Phần cứng / Mạng, CNTT - Phần mềm, Nhân sự",Nhân viên chính thức,Cạnh tranh,3 - 5 Năm,Nhân viên
https://careerbuilder.vn/vi/tim-viec-lam/chuyen-vien-cao-cap-phan-tich-va-tich-hop-du-lieu-intergration-engineering.35BDBCB2.html,Chuyên viên cao cấp phân tích và tích hợp dữ liệu (Intergration Engineering),Ngân hàng TMCP Đại Chúng Việt Nam - PVcomBank,Hà Nội,Hạn nộp: 06-12-2023,['07-11-2023'],"CNTT - Phần cứng / Mạng, CNTT - Phần mềm, Nhân sự",Nhân viên chính thức,Cạnh tranh,3 - 5 Năm,Nhân viên
https://careerbuilder.vn/vi/tim-viec-lam/chuyen-vien-cao-cap-phan-tich-va-tich-hop-du-lieu-intergration-engineering.35BEEC2C.html,Chuyên viên cao cấp phân tích và tích hợp dữ liệu (Intergration Engineering),Ngân hàng TMCP Đại Chúng Việt Nam - PVcomBank,Hà Nội,Cơ hội ứng tuyển chỉ còn: 1 ngày,['28-11-2023'],"CNTT - Phần cứng / Mạng, CNTT - Phần mềm, Nhân sự",Nhân viên chính thức,Cạnh tranh,3 - 5 Năm,Nhân viên
https://careerbuilder.vn/vi/tim-viec-lam/chuyen-vien-chuyen-vien-chinh-phan-tich-du-lieu-kinh-doanh-bi-analytics.35BF13E7.html,"Chuyên viên/Chuyên viên chính phân tích dữ liệu kinh doanh (BI analytics)
                                             (Mới)",Ngân Hàng TMCP Tiên Phong (TPBank),Hà Nội,Hạn nộp: 28-12-2023,['28-11-2023'],"CNTT - Phần mềm, Ngân hàng, Tài chính / Đầu tư",Nhân viên chính thức,Cạnh tranh,2 - 5 Năm,Nhân viên
https://careerbuilder.vn/vi/tim-viec-lam/ho-cv-cvcc-phan-tich-du-lieu-bao-cao-khoi-ban-le-mis.35BEF945.html,"HO - CV/CVCC Phân tích dữ liệu báo cáo, khối Bán lẻ (MIS)",Ngân Hàng TMCP Phương Đông - OCB,Hồ Chí Minh,Hạn nộp: 31-12-2023,['28-11-2023'],"CNTT - Phần mềm, Ngành khác, Thống kê",Nhân viên chính thức,Cạnh tranh,Trên2 Năm,Nhân viên
https://careerbuilder.vn/vi/tim-viec-lam/nhan-vien-phan-tich-du-lieu-ke-hoach-lam-viec-tai-aa-tay-ninh.35BDE363.html,Nhân viên phân tích dữ liệu kế hoạch - Làm việc tại AA Tây Ninh,AA Tây Ninh,Tây Ninh,Hạn nộp: 26-12-2023,['27-11-2023'],"Kế toán / Kiểm toán, Thống kê, Nội ngoại thất",Nhân viên chính thức,Cạnh tranh,1 - 2 Năm,Nhân viên
https://careerbuilder.vn/vi/tim-viec-lam/cvcc-quan-tri-du-lieu-mo-hinh-aiml-ha-noi-ta139.35BF101B.html,"CVCC Quản trị dữ liệu Mô hình AIML - Hà Nội - TA139
                                             (Mới)",Ngân Hàng TMCP Việt Nam Thịnh Vượng - VPBANK,Hà Nội,Cơ hội ứng tuyển chỉ còn: 1 ngày,['27-11-2023'],"CNTT - Phần mềm, Ngân hàng, Tài chính / Đầu tư",Nhân viên chính thức,Cạnh tranh,2 - 5 Năm,Nhân viên
https://careerbuilder.vn/vi/tim-viec-lam/cv-cvc-cvcc-phan-tich-du-lieu-nhan-su-ha-noi-ta050.35BF14AC.html,"CV/CVC/CVCC Phân tích dữ liệu nhân sự - Hà Nội - TA050
                                             (Mới)",Ngân Hàng TMCP Việt Nam Thịnh Vượng - VPBANK,Hà Nội,Hạn nộp: 31-01-2024,['29-11-2023'],"Bán hàng / Kinh doanh, Ngân hàng, Hành chính / Thư ký",Nhân viên chính thức,Cạnh tranh,2 - 4 Năm,Nhân viên
https://careerbuilder.vn/vi/tim-viec-lam/chuyen-vien-cvcc-phan-tich-khach-hang-doanh-nghiep-khoi-du-lieu.35BDEB61.html,Chuyên viên/CVCC Phân tích Khách hàng doanh nghiệp - Khối Dữ liệu,Ngân Hàng TMCP Quân Đội,Hà Nội,Cơ hội ứng tuyển chỉ còn: 3 ngày,['02-11-2023'],"Ngân hàng, Thống kê",Nhân viên chính thức,Cạnh tranh,Trên1 Năm,Nhân viên
https://careerbuilder.vn/vi/tim-viec-lam/nhan-vien-phan-tich-du-lieu-ke-toan-lam-viec-tai-aa-tay-ninh.35BE0337.html,Nhân viên phân tích dữ liệu kế toán - Làm việc tại AA Tây Ninh,AA Tây Ninh,Tây Ninh,Hạn nộp: 12-12-2023,['13-11-2023'],Kế toán / Kiểm toán,Nhân viên chính thức,Cạnh tranh,1 - 2 Năm,Nhân viên
https://careerbuilder.vn/vi/tim-viec-lam/chuyen-gia-khoa-hoc-du-lieu-ngan-hang-so-digital-data-science.35BEDD58.html,Chuyên gia Khoa học Dữ liệu Ngân hàng Số - Digital Data Science,Ngân Hàng TMCP Quốc Tế Việt Nam,Hồ Chí Minh,Cơ hội ứng tuyển chỉ còn: 1 ngày,['21-11-2023'],"Ngân hàng, CNTT - Phần mềm",Nhân viên chính thức,Cạnh tranh,5 - 7 Năm,Nhân viên
https://careerbuilder.vn/vi/tim-viec-lam/chuyen-vien-chuyen-vien-cao-cap-an-toan-du-lieu-data-security.35BEDD28.html,Chuyên viên/Chuyên viên cao cấp an toàn dữ liệu (Data security),Ngân hàng TMCP Đại Chúng Việt Nam - PVcomBank,Hà Nội,Cơ hội ứng tuyển chỉ còn: 1 ngày,['21-11-2023'],"CNTT - Phần cứng / Mạng, CNTT - Phần mềm, Nhân sự",Nhân viên chính thức,Cạnh tranh,1 - 5 Năm,Nhân viên
https://careerbuilder.vn/vi/tim-viec-lam/chuyen-vien-phan-tich-thi-truong-co-so-du-lieu-thaco-auto-mien-bac.35BEE1C9.html,Chuyên viên Phân tích thị trường & Cơ sở dữ liệu | Thaco Auto Miền Bắc,Công ty TNHH THACO AUTO (Văn phòng Miền Bắc),Hà Nội,Cơ hội ứng tuyển chỉ còn: 1 ngày,['23-11-2023'],"Cơ khí / Ô tô / Tự động hóa, Bán hàng / Kinh doanh, Ngành khác",Nhân viên chính thức,11 Tr - 16 Tr VND,1 - 5 Năm,Nhân viên
https://careerbuilder.vn/vi/tim-viec-lam/chuyen-vien-chinh-chuyen-vien-cao-cap-quan-tri-du-lieu-data-governance.35BEECEE.html,Chuyên viên chính/Chuyên viên cao cấp quản trị dữ liệu (Data Governance),Ngân Hàng TMCP Tiên Phong (TPBank),Hà Nội,Hạn nộp: 14-12-2023,['28-11-2023'],"Tài chính / Đầu tư, Ngân hàng, CNTT - Phần mềm",Thời vụ/ Nghề tự do,Cạnh tranh,2 - 5 Năm,Nhân viên
https://careerbuilder.vn/vi/tim-viec-lam/chuyen-vien-chinh-chuyen-vien-cao-cap-quan-tri-du-lieu-data-governance.35BDEA0B.html,Chuyên viên chính/Chuyên viên cao cấp quản trị dữ liệu (Data Governance),Ngân Hàng TMCP Tiên Phong (TPBank),Hà Nội,Cơ hội ứng tuyển chỉ còn: 3 ngày,['02-11-2023'],"Tài chính / Đầu tư, Ngân hàng, CNTT - Phần mềm",Thời vụ/ Nghề tự do,Cạnh tranh,2 - 5 Năm,Nhân viên
https://careerbuilder.vn/vi/tim-viec-lam/khoi-cntt-chuyen-vien-ban-tich-hop-du-lieu-va-bao-cao.35BE1966.html,Khối CNTT - Chuyên Viên Ban Tích Hợp Dữ Liệu và Báo cáo,LPBank,Hồ Chí Minh,Hạn nộp: 24-12-2023,['25-11-2023'],"CNTT - Phần mềm, Ngân hàng",Nhân viên chính thức,Cạnh tranh,1 - 3 Năm,Nhân viên
https://careerbuilder.vn/vi/tim-viec-lam/ky-su-du-lieu-data-engineer-ban-du-an.35BDED2A.html,Kỹ sư Dữ liệu (Data Engineer) - Ban Dự án,Ngân Hàng TMCP Quân Đội,Hà Nội,Cơ hội ứng tuyển chỉ còn: 4 ngày,['03-11-2023'],"CNTT - Phần mềm, CNTT - Phần cứng / Mạng, Ngân hàng",Nhân viên chính thức,Cạnh tranh,3 - 10 Năm,Nhân viên
https://careerbuilder.vn/vi/tim-viec-lam/ky-su-du-lieu-data-engineer-ban-du-an.35BDC9EB.html,Kỹ sư Dữ liệu (Data Engineer) - Ban Dự án,Ngân Hàng TMCP Quân Đội,Hà Nội,Hạn nộp: 12-12-2023,['13-11-2023'],"CNTT - Phần mềm, CNTT - Phần cứng / Mạng, Ngân hàng",Nhân viên chính thức,Cạnh tranh,3 - 10 Năm,Nhân viên
https://careerbuilder.vn/vi/tim-viec-lam/chuyen-gia-phan-tich-du-lieu-kenh-kinh-doanh-so.35BEEA4A.html,Chuyên gia Phân tích dữ liệu kênh Kinh doanh số,Công Ty Tài Chính TNHH MB SHINSEI (MCREDIT),Hà Nội,Hạn nộp: 31-12-2023,['27-11-2023'],"Kế toán / Kiểm toán, Ngân hàng, Tài chính / Đầu tư",Nhân viên chính thức,Cạnh tranh,5 - 7 Năm,Nhân viên
https://careerbuilder.vn/vi/tim-viec-lam/chuyen-vien-phan-tich-du-lieu-khoi-qtrr.35BED99A.html,Chuyên viên Phân tích dữ liệu (Khối QTRR),Ngân Hàng TMCP Sài Gòn - Hà Nội ( SHB ),Hà Nội,,['20-11-2023'],"CNTT - Phần mềm, Kế toán / Kiểm toán, Ngân hàng",Nhân viên chính thức,Cạnh tranh,Trên3 Năm,Nhân viên
https://careerbuilder.vn/vi/tim-viec-lam/chuyen-vien-phan-tich-du-lieu-kinh-doanh-data-analyst.35BF0ECA.html,Chuyên viên Phân tích dữ liệu kinh doanh - Data Analyst,Tổng Công ty Cổ phần Công trình Viettel,Hà Nội,Hạn nộp: 24-12-2023,['25-11-2023'],"Bán hàng / Kinh doanh, Thống kê, Tài chính / Đầu tư",Nhân viên chính thức,20 Tr - 22 Tr VND,2 - 3 Năm,Trưởng nhóm / Giám sát
https://careerbuilder.vn/vi/tim-viec-lam/cong-tac-vien-quan-ly-du-lieu-ban-van-hoa.35BEE09A.html,Cộng tác viên Quản lý dữ liệu - Ban Văn hóa,CÔNG TY CỔ PHẦN KINH DOANH F88,Hà Nội,Cơ hội ứng tuyển chỉ còn: 1 ngày,['15-11-2023'],"Nhân sự, Quản lý chất lượng (QA/QC)",Thực tập,5 Tr - 7 Tr VND,nan,Sinh viên/ Thực tập sinh
https://careerbuilder.vn/vi/tim-viec-lam/chuyen-vien-cao-cap-du-lieu-du-an-core-banking.35BDE1AC.html,Chuyên viên Cao cấp Dữ liệu - Dự án Core Banking,Ngân Hàng TMCP Sài Gòn - Hà Nội ( SHB ),Hà Nội,Hạn nộp: 25-12-2023,['26-11-2023'],"Ngân hàng, Quản lý điều hành, Tài chính / Đầu tư",Nhân viên chính thức,Cạnh tranh,Trên2 Năm,Nhân viên
https://careerbuilder.vn/vi/tim-viec-lam/chuyen-vien-cao-cap-du-lieu-du-an-core-banking.35BE58A4.html,Chuyên viên Cao cấp Dữ liệu - Dự án Core Banking,Ngân Hàng TMCP Sài Gòn - Hà Nội ( SHB ),Hà Nội,Hạn nộp: 26-12-2023,['27-11-2023'],"Ngân hàng, Quản lý điều hành, Tài chính / Đầu tư",Nhân viên chính thức,Cạnh tranh,Trên2 Năm,Nhân viên
https://careerbuilder.vn/vi/tim-viec-lam/chuyen-vien-cao-cap-du-lieu-du-an-core-banking.35BF0F88.html,"Chuyên viên Cao cấp Dữ liệu - Dự án Core Banking
                                                                (Mới)",Ngân Hàng TMCP Sài Gòn - Hà Nội ( SHB ),Hà Nội,Hạn nộp: 26-12-2023,['27-11-2023'],"Ngân hàng, Quản lý điều hành, Tài chính / Đầu tư",Nhân viên chính thức,Cạnh tranh,Trên2 Năm,Nhân viên
https://careerbuilder.vn/vi/tim-viec-lam/nhan-vien-kiem-soat-du-lieu-kho-warehouse-inventory-controller.35BEE6C3.html,Nhân Viên Kiểm Soát Dữ Liệu Kho - Warehouse Inventory Controller,AkzoNobel Vietnam,Bắc Ninh,Cơ hội ứng tuyển chỉ còn: 4 ngày,['24-11-2023'],"Vận chuyển / Giao nhận /Kho vận, Xuất nhập khẩu, Sản xuất / Vận hành sản xuất",Nhân viên chính thức,Cạnh tranh,Trên2 Năm,Nhân viên
https://careerbuilder.vn/vi/tim-viec-lam/it-ky-su-du-lieu-bo-phan-thiet-ke-dien-dien-tu-nam-tu-liem-ha-noi-15-50-trieu.35BDEDA5.html,"[IT]  Kỹ sư Dữ liệu ( Bộ phận thiết kế Điện – Điện tử) Nam Từ Liêm, Hà Nội (15-50 triệu)",Công Ty TNHH OS POWER Việt Nam,Hà Nội,Cơ hội ứng tuyển chỉ còn: 4 ngày,['03-11-2023'],CNTT - Phần mềm,Nhân viên chính thức,15 Tr - 50 Tr VND,3 - 4 Năm,Nhân viên
https://careerbuilder.vn/vi/tim-viec-lam/chuyen-gia-quan-tri-du-lieu-msb-df-dxa-1m387.35BEF5DB.html,Chuyên gia Quản trị Dữ liệu - MSB DF - DXA - 1M387,Ngân hàng Thương mại Cổ phần Hàng Hải Việt Nam (MSB),Hà Nội,Hạn nộp: 27-12-2023,['27-11-2023'],"CNTT - Phần mềm, CNTT - Phần cứng / Mạng",Nhân viên chính thức,Lên đến45 Tr VND,4 - 5 Năm,Nhân viên
https://careerbuilder.vn/vi/tim-viec-lam/chuyen-vien-alm-mang-quan-ly-du-lieu-va-bao-cao-phong-quan-ly-tai-san-no-co-alm-khoi-tai-chinh-ke-toan.35BE06C7.html,"CHUYÊN VIÊN ALM (Mảng Quản lý Dữ liệu và báo cáo),Phòng Quản lý Tài sản Nợ - Có (ALM) - Khối Tài chính Kế toán",Ngân hàng TMCP Đại Chúng Việt Nam - PVcomBank,Hà Nội,Hạn nộp: 15-12-2023,['16-11-2023'],"Kế toán / Kiểm toán, Ngân hàng",Nhân viên chính thức,Cạnh tranh,1 - 2 Năm,Nhân viên
https://careerbuilder.vn/vi/tim-viec-lam/chuyen-vien-cao-cap-quan-tri-thu-hoi-no-va-phan-tich-du-lieu-khoi-xu-ly-va-thu-hoi-no.35BEE41E.html,Chuyên viên cao cấp Quản trị Thu hồi nợ và Phân tích dữ liệu - Khối Xử lý và Thu hồi nợ,Ngân Hàng TMCP Tiên Phong (TPBank),Hà Nội,Cơ hội ứng tuyển chỉ còn: 3 ngày,['23-11-2023'],"Luật / Pháp lý, Ngân hàng, Tài chính / Đầu tư",Nhân viên chính thức,20 Tr - 30 Tr VND,3 - 5 Năm,Nhân viên
https://careerbuilder.vn/vi/tim-viec-lam/chuyen-vien-quan-tri-du-lieu-va-phat-trien-bao-cao.35BE0BBC.html,Chuyên viên quản trị  dữ liệu và phát triển báo cáo,Ngân Hàng TMCP Sài Gòn - Hà Nội ( SHB ),Hà Nội,Hạn nộp: 17-12-2023,['18-11-2023'],"Bán hàng / Kinh doanh, Ngân hàng",Nhân viên chính thức,Cạnh tranh,Trên3 Năm,Nhân viên
https://careerbuilder.vn/vi/tim-viec-lam/chuyen-vien-quan-tri-du-lieu-va-phat-trien-bao-cao.35BDD060.html,Chuyên viên quản trị  dữ liệu và phát triển báo cáo,Ngân Hàng TMCP Sài Gòn - Hà Nội ( SHB ),Hà Nội,Hạn nộp: 17-12-2023,['18-11-2023'],"Bán hàng / Kinh doanh, Ngân hàng",Nhân viên chính thức,Cạnh tranh,Trên3 Năm,Nhân viên
https://careerbuilder.vn/vi/tim-viec-lam/dtc-chuyen-vien-quy-trinh-va-chinh-sach-quan-tri-du-lieu.35BF06EC.html,DTC - Chuyên viên quy trình và chính sách quản trị dữ liệu,Ngân hàng TMCP Phát triển TP.HCM (HDBank),Hồ Chí Minh,Hạn nộp: 29-12-2023,['29-11-2023'],"Ngân hàng, Tài chính / Đầu tư",Nhân viên chính thức,27 Tr - 33 Tr VND,3 - 5 Năm,Nhân viên
https://careerbuilder.vn/vi/tim-viec-lam/r-d-data-analyst-chuyen-vien-du-lieu-r-d.35BF00BC.html,R&D Data Analyst – Chuyên viên dữ liệu R&D,CÔNG TY CỔ PHẦN MAYCHA,Hồ Chí Minh,Hạn nộp: 17-12-2023,['24-11-2023'],"Kế toán / Kiểm toán, Nhân sự, Hành chính / Thư ký",Nhân viên chính thức,10 Tr - 15 Tr VND,Trên2 Năm,Nhân viên
https://careerbuilder.vn/vi/tim-viec-lam/cv-nv-quan-tri-co-so-du-lieu-dba-khoi-cntt.35BEF9EE.html,CV/NV QUẢN TRỊ CƠ SỞ DỮ LIỆU (DBA) - KHỐI CNTT,Ngân hàng Việt Nam Thương Tín,Hồ Chí Minh,Hạn nộp: 31-12-2023,['28-11-2023'],"CNTT - Phần mềm,Thống kê,Ngân hàng",Nhân viên chính thức,"10,000,000 - 30,000,000 VND",1 - 3Năm,Nhân viên
https://careerbuilder.vn/vi/tim-viec-lam/truong-phong-chien-luoc-va-phan-tich-du-lieu-ngan-hang-so-ngan-hang-so.35BE1ACE.html,Trưởng phòng Chiến lược và phân tích dữ liệu Ngân hàng số - Ngân hàng số,Ngân hàng TMCP Đại Chúng Việt Nam - PVcomBank,Hà Nội,Hạn nộp: 24-12-2023,['25-11-2023'],"CNTT - Phần cứng / Mạng, CNTT - Phần mềm, Ngân hàng",Nhân viên chính thức,Cạnh tranh,7 - 10 Năm,Quản lý
https://careerbuilder.vn/vi/tim-viec-lam/chuyen-gia-chuyen-vien-cao-cap-quan-tri-co-so-du-lieu-dba-khoi-cntt.35BDB984.html,Chuyên gia/Chuyên viên cao cấp Quản trị Cơ sở dữ liệu (DBA) - Khối CNTT,Ngân Hàng TMCP Quân Đội,Hà Nội,Cơ hội ứng tuyển chỉ còn: 6 ngày,['05-11-2023'],"CNTT - Phần mềm, CNTT - Phần cứng / Mạng, Ngân hàng",Nhân viên chính thức,Cạnh tranh,5 - 8 Năm,Nhân viên
https://careerbuilder.vn/vi/tim-viec-lam/chuyen-gia-chuyen-vien-cao-cap-quan-tri-co-so-du-lieu-dba-khoi-cntt.35BEDC59.html,Chuyên gia/Chuyên viên cao cấp Quản trị Cơ sở dữ liệu (DBA) - Khối CNTT,Ngân Hàng TMCP Quân Đội,Hà Nội,Cơ hội ứng tuyển chỉ còn: 1 ngày,['21-11-2023'],"CNTT - Phần mềm, CNTT - Phần cứng / Mạng, Ngân hàng",Nhân viên chính thức,Cạnh tranh,3 - 5 Năm,Nhân viên
https://careerbuilder.vn/vi/tim-viec-lam/nhan-vien-quan-ly-du-lieu-nguoi-do-dau-trong-nuoc.35BDEB81.html,Nhân Viên Quản Lý Dữ Liệu Người Đỡ Đầu Trong Nước,VĂN PHÒNG PHỐI HỢP LÀNG TRẺ EM SOS VIỆT NAM,Hà Nội,Cơ hội ứng tuyển chỉ còn: 4 ngày,['03-11-2023'],"Dịch vụ khách hàng, Kế toán / Kiểm toán, Thống kê",Nhân viên chính thức,Cạnh tranh,Trên2 Năm,Nhân viên
https://careerbuilder.vn/vi/tim-viec-lam/ha-noi-chuyen-vien-chien-luoc-va-quan-tri-du-lieu-rui-ro-strategic-risk-data-management-officer.35BEF23F.html,[Hà Nội] - Chuyên viên Chiến lược và Quản trị dữ liệu rủi ro/Strategic & Risk Data Management Officer,LOTTE FINANCE VIETNAM,Hà Nội,Cơ hội ứng tuyển chỉ còn: 1 ngày,['24-11-2023'],"Ngân hàng, Tài chính / Đầu tư",Nhân viên chính thức,Cạnh tranh,1 - 5 Năm,Nhân viên
https://careerbuilder.vn/vi/tim-viec-lam/chuyen-vien-quan-tri-van-hanh-co-so-du-lieu.35BEFEF4.html,Chuyên viên Quản trị Vận hành Cơ sở dữ liệu,Ngân Hàng TMCP Sài Gòn - Hà Nội ( SHB ),Hà Nội,Hạn nộp: 16-12-2023,['24-11-2023'],"CNTT - Phần mềm, CNTT - Phần cứng / Mạng, Ngân hàng",Nhân viên chính thức,Cạnh tranh,Trên1 Năm,Nhân viên
https://careerbuilder.vn/vi/tim-viec-lam/chuyen-vien-hanh-chinh-quan-ly-du-lieu.35BEDDBA.html,Chuyên viên hành chính quản lý dữ liệu,Công ty Cổ phần Tập đoàn Thành Công,Hà Nội,,['21-11-2023'],"Hành chính / Thư ký, Ngành khác",Nhân viên chính thức,12 Tr - 15 Tr VND,2 - 3 Năm,Nhân viên
https://careerbuilder.vn/vi/tim-viec-lam/nhan-vien-quan-tri-he-thong-du-lieu.35BE101F.html,Nhân viên Quản trị hệ thống dữ liệu,CÔNG TY TNHH THẢO HÀ,Hồ Chí Minh,Hạn nộp: 19-12-2023,['20-11-2023'],"Tiếp thị / Marketing, Bán lẻ / Bán sỉ, Tiếp thị trực tuyến",Nhân viên chính thức,12 Tr - 15 Tr VND,1 - 3 Năm,Nhân viên
https://careerbuilder.vn/vi/tim-viec-lam/nhan-vien-quan-tri-he-thong-du-lieu.35BE1376.html,Nhân viên quản trị hệ thống dữ liệu,CÔNG TY TNHH THẢO HÀ,Hồ Chí Minh,Hạn nộp: 22-12-2023,['23-11-2023'],"Tiếp thị / Marketing, Bán lẻ / Bán sỉ, Tiếp thị trực tuyến",Nhân viên chính thức,12 Tr - 15 Tr VND,1 - 3 Năm,Nhân viên
https://careerbuilder.vn/vi/tim-viec-lam/nhan-vien-quan-tri-he-thong-du-lieu.35BE1375.html,Nhân viên quản trị hệ thống dữ liệu,CÔNG TY TNHH THẢO HÀ,Hồ Chí Minh,Hạn nộp: 24-12-2023,['25-11-2023'],"Tiếp thị / Marketing, Bán lẻ / Bán sỉ, Tiếp thị trực tuyến",Nhân viên chính thức,12 Tr - 15 Tr VND,1 - 3 Năm,Nhân viên
https://careerbuilder.vn/vi/tim-viec-lam/chuyen-vien-quan-tri-co-so-du-lieu-phong-van-hanh-ung-dung-k-cntt.35BDFE75.html,Chuyên viên quản trị Cơ sở dữ liệu - Phòng Vận hành ứng dụng - K.CNTT,Ngân hàng TMCP Đại Chúng Việt Nam - PVcomBank,Hà Nội,Hạn nộp: 10-12-2023,['11-11-2023'],"CNTT - Phần cứng / Mạng, CNTT - Phần mềm, Ngân hàng",Nhân viên chính thức,Cạnh tranh,1 - 5 Năm,Nhân viên
https://careerbuilder.vn/vi/tim-viec-lam/chuyen-vien-quan-tri-co-so-du-lieu-phong-van-hanh-ung-dung-k-cntt.35BEEB4D.html,Chuyên viên quản trị Cơ sở dữ liệu - Phòng Vận hành ứng dụng - K.CNTT,Ngân hàng TMCP Đại Chúng Việt Nam - PVcomBank,Hà Nội,Cơ hội ứng tuyển chỉ còn: 1 ngày,['28-11-2023'],"CNTT - Phần cứng / Mạng, CNTT - Phần mềm, Ngân hàng",Nhân viên chính thức,Cạnh tranh,1 - 5 Năm,Nhân viên
https://careerbuilder.vn/vi/tim-viec-lam/cvcc-van-hanh-co-so-du-lieu-senior-dba-hanoi-ta114.35BDB8E5.html,CVCC Vận hành Cơ sở dữ liệu  - Senior DBA - Hanoi - TA114,Ngân Hàng TMCP Việt Nam Thịnh Vượng - VPBANK,Hà Nội,Cơ hội ứng tuyển chỉ còn: 6 ngày,['05-11-2023'],"CNTT - Phần mềm, Ngân hàng",Nhân viên chính thức,Cạnh tranh,3 - 6 Năm,Nhân viên
https://careerbuilder.vn/vi/tim-viec-lam/tester-phong-phan-tich-va-dam-ban-chat-luong-khoi-du-lieu.35BDBD77.html,Tester -  Phòng Phân tích và đảm bản chất lượng - Khối Dữ Liệu,Ngân Hàng TMCP Quân Đội,Hà Nội,Hạn nộp: 06-12-2023,['07-11-2023'],"CNTT - Phần mềm, Ngân hàng, Quản lý chất lượng (QA/QC)",Nhân viên chính thức,Cạnh tranh,1 - 5 Năm,Nhân viên
https://careerbuilder.vn/vi/tim-viec-lam/tester-phong-phan-tich-va-dam-ban-chat-luong-khoi-du-lieu.35BDFF12.html,Tester -  Phòng Phân tích và đảm bản chất lượng - Khối Dữ Liệu,Ngân Hàng TMCP Quân Đội,Hà Nội,Hạn nộp: 10-12-2023,['11-11-2023'],"CNTT - Phần mềm, Ngân hàng, Quản lý chất lượng (QA/QC)",Nhân viên chính thức,Cạnh tranh,1 - 5 Năm,Nhân viên
https://careerbuilder.vn/vi/tim-viec-lam/chuyen-vien-quan-tri-co-so-du-lieu-dba-khoi-cntt.35BE139D.html,Chuyên viên Quản trị cơ sở dữ liệu (DBA) - Khối CNTT,Ngân Hàng TMCP Quân Đội,Hà Nội,Hạn nộp: 22-12-2023,['23-11-2023'],"CNTT - Phần mềm, CNTT - Phần cứng / Mạng, Ngân hàng",Nhân viên chính thức,Cạnh tranh,1 - 5 Năm,Nhân viên
https://careerbuilder.vn/vi/tim-viec-lam/nhan-vien-nhap-du-lieu-my-hao-hung-yen-lam-3-ca.35BE0775.html,"Nhân Viên Nhập Dữ Liệu - Mỹ Hào, Hưng Yên - Làm 3 ca",DHL Supply Chain (Việt Nam) Ltd,Hưng Yên,Hạn nộp: 15-12-2023,['16-11-2023'],Vận chuyển / Giao nhận /Kho vận,Nhân viên chính thức,Cạnh tranh,nan,Nhân viên
https://careerbuilder.vn/vi/tim-viec-lam/cvcc-phan-tich-du-lieu-kinh-doanh-ho-chi-minh-ta131.35BF1395.html,"CVCC Phân tích dữ liệu Kinh doanh - Hồ Chí Minh - TA131
                                             (Mới)",Ngân Hàng TMCP Việt Nam Thịnh Vượng - VPBANK,Hà Nội,Hạn nộp: 31-01-2024,['28-11-2023'],"Ngân hàng, Tài chính / Đầu tư",Nhân viên chính thức,Cạnh tranh,Trên3 Năm,Nhân viên
https://careerbuilder.vn/vi/tim-viec-lam/data-inventory-supervisor-giam-sat-du-lieu-he-thong-quan-ly-hang-ton-kho-icd-tan-cang-song-than.35BEF0C8.html,Data & Inventory Supervisor/ Giám sát Dữ liệu hệ thống & Quản lý hàng tồn kho ( ICD Tân Cảng Sóng Thần),DHL Supply Chain (Việt Nam) Ltd,Bình Dương,Cơ hội ứng tuyển chỉ còn: 1 ngày,['09-11-2023'],Vận chuyển / Giao nhận /Kho vận,Nhân viên chính thức,Trên15 Tr VND,2 - 5 Năm,Trưởng nhóm / Giám sát
https://careerbuilder.vn/vi/tim-viec-lam/nhan-vien-nhap-du-lieu-data-entry-clerk-kho-21-icd-tan-cang-song-than-binh-duong.35BEE7FC.html,Nhân Viên Nhập Dữ Liệu/ Data Entry Clerk (KHO 21- ICD TÂN CẢNG SÓNG THẦN - BÌNH DƯƠNG),DHL Supply Chain (Việt Nam) Ltd,Bình Dương,Cơ hội ứng tuyển chỉ còn: 1 ngày,['06-11-2023'],"Vận chuyển / Giao nhận /Kho vận, Hành chính / Thư ký, Kế toán / Kiểm toán",Nhân viên chính thức,Cạnh tranh,1 - 2 Năm,Nhân viên
https://careerbuilder.vn/vi/tim-viec-lam/hau-giang-10-ky-thuat-vien-xu-ly-du-lieu-ca-hanh-chinh-8h-17h50.35BEEA28.html,[HẬU GIANG] 10 KỸ THUẬT VIÊN XỬ LÝ DỮ LIỆU CA HÀNH CHÍNH (8H - 17H50),DIGI-TEXX VIETNAM,Hậu Giang,Hạn nộp: 06-12-2023,['27-11-2023'],"Hành chính / Thư ký, Mới tốt nghiệp / Thực tập",Nhân viên chính thức,4 Tr - 6 Tr VND,nan,Nhân viên
https://careerbuilder.vn/vi/tim-viec-lam/nhan-vien-xu-ly-du-lieu.35BEF14D.html,Nhân Viên Xử Lý Dữ Liệu,Wanek Furniture,Bình Dương,Hạn nộp: 09-12-2023,['16-11-2023'],"Hành chính / Thư ký, Thống kê, Sản xuất / Vận hành sản xuất",Nhân viên chính thức,Cạnh tranh,Trên2 Năm,Nhân viên
https://careerbuilder.vn/vi/tim-viec-lam/nhan-vien-admin-phan-tich-du-lieu.35BF117A.html,"Nhân viên Admin Phân tích dữ liệu
                                             (Mới)",CÔNG TY CỔ PHẦN HÙNG CƯỜNG PHARMA,Hồ Chí Minh,Hạn nộp: 27-12-2023,['27-11-2023'],"CNTT - Phần cứng / Mạng, Hành chính / Thư ký, Thống kê",Nhân viên chính thức,Cạnh tranh,Chưa có kinh nghiệm,Nhân viên
https://careerbuilder.vn/vi/tim-viec-lam/data-analysis-intern-thuc-tap-sinh-phan-tich-du-lieu.35BF0C4A.html,Data Analysis Intern / Thực tập sinh Phân tích Dữ liệu,Công ty TNHH Giải pháp Data V Tech,Hồ Chí Minh,Hạn nộp: 24-12-2023,['24-11-2023'],"Kế toán / Kiểm toán, CNTT - Phần mềm, Mới tốt nghiệp / Thực tập",Thực tập,3 Tr - 6 Tr VND,nan,Sinh viên/ Thực tập sinh
https://careerbuilder.vn/vi/tim-viec-lam/chuyen-vien-quan-ly-thong-tin-co-so-du-lieu-ve-gia.35BDEDC1.html,Chuyên viên Quản lý thông tin Cơ sở dữ liệu về giá,Ngân Hàng TMCP Sài Gòn - Hà Nội ( SHB ),Hà Nội,Cơ hội ứng tuyển chỉ còn: 4 ngày,['03-11-2023'],"Ngân hàng, Bán lẻ / Bán sỉ, Bất động sản",Nhân viên chính thức,Cạnh tranh,Trên2 Năm,Nhân viên
https://careerbuilder.vn/vi/tim-viec-lam/chuyen-gia-khoa-hoc-du-lieu-msb-df-dxa-1m412.35BEFD91.html,Chuyên gia Khoa học Dữ liệu - MSB DF - DXA - 1M412,Ngân hàng Thương mại Cổ phần Hàng Hải Việt Nam (MSB),Hà Nội,Hạn nộp: 30-12-2023,['23-11-2023'],"Ngân hàng, CNTT - Phần mềm",Nhân viên chính thức,Lên đến60 Tr VND,2 - 3 Năm,Nhân viên
https://careerbuilder.vn/vi/tim-viec-lam/chuyen-vien-quan-ly-thong-tin-co-so-du-lieu-ve-gia.35BEE35B.html,Chuyên viên Quản lý thông tin Cơ sở dữ liệu về giá,Ngân Hàng TMCP Sài Gòn - Hà Nội ( SHB ),Hà Nội,Cơ hội ứng tuyển chỉ còn: 2 ngày,['23-11-2023'],"Bất động sản, Bán lẻ / Bán sỉ, Ngân hàng",Nhân viên chính thức,Cạnh tranh,Trên2 Năm,Nhân viên
https://careerbuilder.vn/vi/tim-viec-lam/chuyen-vien-thu-thap-du-lieu-bds-tho-cu-du-an.35BF1116.html,"Chuyên viên Thu thập dữ liệu BĐS (Thổ cư/Dự án)
                                             (Mới)",CÔNG TY CỔ PHẦN ONE MOUNT GROUP,"Hà Nội, Hồ Chí Minh, Đà Nẵng",Hạn nộp: 27-12-2023,['27-11-2023'],Bất động sản,Nhân viên chính thức,8 Tr - 15 Tr VND,nan,Nhân viên
https://careerbuilder.vn/vi/tim-viec-lam/chuyen-gia-nen-tang-du-lieu-phan-tich-msb-df-dxa-1m411.35BEEC7C.html,Chuyên gia Nền tảng Dữ liệu Phân tích - MSB DF - DXA - 1M411,Ngân hàng Thương mại Cổ phần Hàng Hải Việt Nam (MSB),Hà Nội,Hạn nộp: 30-12-2023,['28-11-2023'],"CNTT - Phần mềm, CNTT - Phần cứng / Mạng",Nhân viên chính thức,45 Tr - 55 Tr VND,4 - 5 Năm,Trưởng nhóm / Giám sát
https://careerbuilder.vn/vi/tim-viec-lam/it-helpdesk.35BF0C73.html,IT Helpdesk,CÔNG TY TNHH GIẢI PHÁP DỮ LIỆU SÁNG TẠO,Bà Rịa - Vũng Tàu,Hạn nộp: 24-12-2023,['24-11-2023'],CNTT - Phần cứng / Mạng,Nhân viên chính thức,10 Tr - 20 Tr VND,1 - 3 Năm,Nhân viên
https://careerbuilder.vn/vi/tim-viec-lam/data-engineer.35BDE963.html,Data engineer,CÔNG TY TNHH GIMASYS,Hà Nội,Cơ hội ứng tuyển chỉ còn: 2 ngày,['02-11-2023'],CNTT - Phần mềm,Nhân viên chính thức,Cạnh tranh,1 - 3 Năm,Nhân viên
https://careerbuilder.vn/vi/tim-viec-lam/data-engineer-ha-noi-ta083.35BEE2AB.html,Data Engineer - Hà Nội - TA083,Ngân Hàng TMCP Việt Nam Thịnh Vượng - VPBANK,Hà Nội,Cơ hội ứng tuyển chỉ còn: 1 ngày,['23-11-2023'],"CNTT - Phần mềm, Ngân hàng",Nhân viên chính thức,Cạnh tranh,3 - 5 Năm,Nhân viên
https://careerbuilder.vn/vi/tim-viec-lam/senior-data-analyst.35BE0D20.html,Senior Data Analyst,CÔNG TY CỔ PHẦN KINH DOANH F88,Hà Nội,Hạn nộp: 17-12-2023,['18-11-2023'],CNTT - Phần mềm,Nhân viên chính thức,22 Tr - 30 Tr VND,2 - 4 Năm,Nhân viên
https://careerbuilder.vn/vi/tim-viec-lam/data-analyst.35BDF7D4.html,Data Analyst,CÔNG TY TNHH GIMASYS,Hà Nội,Hạn nộp: 08-12-2023,['09-11-2023'],CNTT - Phần mềm,Nhân viên chính thức,Cạnh tranh,1 - 3 Năm,Nhân viên
https://careerbuilder.vn/vi/tim-viec-lam/hr-data-analyst-specialist.35BEE606.html,HR Data Analyst Specialist,CÔNG TY CỔ PHẦN GONSA,Hồ Chí Minh,Cơ hội ứng tuyển chỉ còn: 4 ngày,['04-11-2023'],"Nhân sự, Thống kê, CNTT - Phần mềm",Nhân viên chính thức,Cạnh tranh,2 - 3 Năm,Trưởng nhóm / Giám sát
https://careerbuilder.vn/vi/tim-viec-lam/middle-senior-data-analyst.35BEF788.html,Middle/Senior Data Analyst,CÔNG TY CỔ PHẦN KINH DOANH F88,Hà Nội,Hạn nộp: 31-12-2023,['27-11-2023'],CNTT - Phần mềm,Nhân viên chính thức,20 Tr - 32 Tr VND,2 - 5 Năm,Nhân viên
https://careerbuilder.vn/vi/tim-viec-lam/ky-thuat-vien-sua-chua-chung.35BF0253.html,Kỹ Thuật Viên Sửa Chữa Chung,Đại Lý ủy Quyền Mercedes-Benz - CHI NHÁNH CÔNG TY CỔ PHẦN TRUYỀN THÔNG VÀ DỮ LIỆU THANH TOÁN AN DU TẠI HẢI PHÒNG,Hải Phòng,Hạn nộp: 20-12-2023,['27-11-2023'],"Cơ khí / Ô tô / Tự động hóa, Bảo trì / Sửa chữa",Nhân viên chính thức,Cạnh tranh,Trên1 Năm,Nhân viên
https://careerbuilder.vn/vi/tim-viec-lam/tu-van-ban-hang.35BF0250.html,Tư Vấn Bán Hàng,Đại Lý ủy Quyền Mercedes-Benz - CHI NHÁNH CÔNG TY CỔ PHẦN TRUYỀN THÔNG VÀ DỮ LIỆU THANH TOÁN AN DU TẠI HẢI PHÒNG,Hải Phòng,Hạn nộp: 20-12-2023,['27-11-2023'],"Bán hàng / Kinh doanh, Tư vấn, Dịch vụ khách hàng",Nhân viên chính thức,Cạnh tranh,nan,Nhân viên
https://careerbuilder.vn/vi/tim-viec-lam/data-analyst.35BEF341.html,Data Analyst,Công ty Cổ phần CANIFA,Hà Nội,Cơ hội ứng tuyển chỉ còn: 1 ngày,['17-11-2023'],"Kế toán / Kiểm toán, Tài chính / Đầu tư, CNTT - Phần mềm",Nhân viên chính thức,10 Tr - 22 Tr VND,2 - 10 Năm,Nhân viên
https://careerbuilder.vn/vi/tim-viec-lam/phan-tich-ky-thuat-chung-khoan-_technical-analysis.35BEE9DF.html,PHÂN TÍCH KỸ THUẬT (CHỨNG KHOÁN)_TECHNICAL ANALYSIS,Công Ty Cổ phần Tài Việt (Vietstock.vn),Hồ Chí Minh,Hạn nộp: 21-12-2023,['13-11-2023'],"Ngân hàng, Chứng khoán, Tài chính / Đầu tư",Nhân viên chính thức,8 Tr - 12 Tr VND,1 - 3 Năm,Nhân viên
https://careerbuilder.vn/vi/tim-viec-lam/senior-data-governance-analyst-aiml-model-ha-noi-ta139.35BF1017.html,"Senior Data Governance Analyst - AIML Model - Hà Nội - TA139
                                                                (Mới)",Ngân Hàng TMCP Việt Nam Thịnh Vượng - VPBANK,Hà Nội,Hạn nộp: 24-12-2023,['27-11-2023'],"CNTT - Phần mềm, Ngân hàng, Tài chính / Đầu tư",Nhân viên chính thức,Cạnh tranh,2 - 5 Năm,Nhân viên
https://careerbuilder.vn/vi/tim-viec-lam/senior-data-governance-modeling-ha-noi-ta139.35BF1012.html,"Senior Data Governance Modeling - Hà Nội - TA139
                                                                (Mới)",Ngân Hàng TMCP Việt Nam Thịnh Vượng - VPBANK,Hà Nội,Hạn nộp: 24-12-2023,['27-11-2023'],"CNTT - Phần mềm, Ngân hàng, Tài chính / Đầu tư",Nhân viên chính thức,Cạnh tranh,2 - 5 Năm,Nhân viên
https://careerbuilder.vn/vi/tim-viec-lam/senior-analytics-governance-officer-ha-noi-ta139.35BF1005.html,"Senior Analytics Governance Officer - Hà Nội - TA139
                                                                (Mới)",Ngân Hàng TMCP Việt Nam Thịnh Vượng - VPBANK,Hà Nội,Hạn nộp: 15-12-2023,['27-11-2023'],"CNTT - Phần mềm, Ngân hàng, Tài chính / Đầu tư",Nhân viên chính thức,Cạnh tranh,2 - 5 Năm,Nhân viên
https://careerbuilder.vn/vi/tim-viec-lam/cv-cvcc-phan-tich-kinh-doanh-cvp.35BE1A1E.html,CV/ CVCC Phân tích kinh doanh (CVP),Công Ty Tài Chính TNHH MB SHINSEI (MCREDIT),Hà Nội,Hạn nộp: 24-12-2023,['25-11-2023'],"Kế toán / Kiểm toán, Ngân hàng, Tài chính / Đầu tư",Nhân viên chính thức,Cạnh tranh,1 - 3 Năm,Nhân viên
https://careerbuilder.vn/vi/tim-viec-lam/an-do_ky-su-pe-thanh-thao-tieng-trung.35BE0D4C.html,ẤN ĐỘ_KỸ SƯ PE THÀNH THẠO TIẾNG TRUNG,Công ty TNHH AOBA Việt Nam,Quốc tế,Hạn nộp: 17-12-2023,['18-11-2023'],"Điện / Điện tử / Điện lạnh, Sản xuất / Vận hành sản xuất",Nhân viên chính thức,40 Tr - 60 Tr VND,Trên5 Năm,Trưởng nhóm / Giám sát
https://careerbuilder.vn/vi/tim-viec-lam/data-scientist-senior-expert-ha-noi-ta139.35BEE3B6.html,Data Scientist Senior/Expert - Hà Nội - TA139,Ngân Hàng TMCP Việt Nam Thịnh Vượng - VPBANK,Hà Nội,Cơ hội ứng tuyển chỉ còn: 3 ngày,['23-11-2023'],"Chứng khoán, CNTT - Phần mềm, Ngân hàng",Nhân viên chính thức,Cạnh tranh,2 - 5 Năm,Nhân viên
https://careerbuilder.vn/vi/tim-viec-lam/data-scientist-senior-expert-ha-noi-ta139.35BDDF99.html,Data Scientist Senior/Expert - Hà Nội - TA139,Ngân Hàng TMCP Việt Nam Thịnh Vượng - VPBANK,Hà Nội,Hạn nộp: 25-12-2023,['26-11-2023'],"Chứng khoán, CNTT - Phần mềm, Ngân hàng",Nhân viên chính thức,Cạnh tranh,2 - 5 Năm,Nhân viên
https://careerbuilder.vn/vi/tim-viec-lam/data-engineer-expert.35BDB3F8.html,Data Engineer Expert,Công ty Tài Chính Cổ Phần Tín Việt,Hồ Chí Minh,Cơ hội ứng tuyển chỉ còn: 1 ngày,['31-10-2023'],CNTT - Phần mềm,Nhân viên chính thức,Cạnh tranh,5 - 7 Năm,Quản lý
https://careerbuilder.vn/vi/tim-viec-lam/ho-giam-doc-xay-dung-mo-hinh-dinh-luong.35BE153E.html,HO - Giám Đốc Xây Dựng Mô Hình & Định Lượng,ACB - Ngân Hàng TMCP Á Châu,Hồ Chí Minh,Hạn nộp: 22-12-2023,['23-11-2023'],Ngân hàng,Nhân viên chính thức,Cạnh tranh,2 - 5 Năm,Nhân viên
https://careerbuilder.vn/vi/tim-viec-lam/chuyen-vien-cao-cap-phong-kiem-soat-noi-bo-va-tuan-thu.35BF040C.html,Chuyên viên cao cấp Phòng Kiểm soát Nội bộ và Tuân thủ,CÔNG TY TNHH BẢO HIỂM NHÂN THỌ MB AGEAS,Hà Nội,Hạn nộp: 31-01-2024,['28-11-2023'],"Bảo hiểm, Luật / Pháp lý, Ngân hàng",Nhân viên chính thức,Cạnh tranh,3 - 5 Năm,Nhân viên
https://careerbuilder.vn/vi/tim-viec-lam/chuyen-vien-cao-cap-phan-tich-kinh-doanh-mang-thu-hoi-no-ha-noi-ta139.35BDB9D3.html,Chuyên Viên Cao Cấp Phân Tích Kinh Doanh - Mảng Thu Hồi Nợ - Hà Nội - TA139,Ngân Hàng TMCP Việt Nam Thịnh Vượng - VPBANK,Hà Nội,Cơ hội ứng tuyển chỉ còn: 6 ngày,['06-11-2023'],"Bán hàng / Kinh doanh, Ngân hàng, Kế toán / Kiểm toán",Nhân viên chính thức,Cạnh tranh,3 - 5 Năm,Nhân viên
https://careerbuilder.vn/vi/tim-viec-lam/ho-data-quality-data-governance-specialist.35BDBC49.html,HO - Data Quality/ Data Governance Specialist,ACB - Ngân Hàng TMCP Á Châu,Hồ Chí Minh,Hạn nộp: 05-12-2023,['06-11-2023'],"Ngân hàng, CNTT - Phần mềm",Nhân viên chính thức,Cạnh tranh,1 - 5 Năm,Nhân viên
https://careerbuilder.vn/vi/tim-viec-lam/chuyen-vien-phan-tich-va-phat-trien-mo-hinh.35BDD061.html,Chuyên viên phân tích và phát triển mô hình,Ngân Hàng TMCP Sài Gòn - Hà Nội ( SHB ),Hà Nội,Hạn nộp: 17-12-2023,['18-11-2023'],"Bán hàng / Kinh doanh, Ngân hàng",Nhân viên chính thức,Cạnh tranh,Trên3 Năm,Nhân viên
https://careerbuilder.vn/vi/tim-viec-lam/chuyen-vien-phan-tich-va-phat-trien-mo-hinh.35BE0BBD.html,Chuyên viên phân tích và phát triển mô hình,Ngân Hàng TMCP Sài Gòn - Hà Nội ( SHB ),Hà Nội,Hạn nộp: 17-12-2023,['18-11-2023'],"Bán hàng / Kinh doanh, Ngân hàng",Nhân viên chính thức,Cạnh tranh,Trên3 Năm,Nhân viên
https://careerbuilder.vn/vi/tim-viec-lam/chuyen-vien-cvcc-quan-tri-rui-ro-mo-hinh-khoi-quan-tri-rui-ro.35BF0FB7.html,"Chuyên viên/CVCC Quản trị rủi ro mô hình - Khối Quản trị rủi ro
                                                                (Mới)",Ngân Hàng TMCP Quân Đội,Hà Nội,Hạn nộp: 31-12-2023,['27-11-2023'],"Ngân hàng, Tài chính / Đầu tư",Nhân viên chính thức,Cạnh tranh,1 - 10 Năm,Nhân viên
https://careerbuilder.vn/vi/tim-viec-lam/truong-phong-bi.35BEEC49.html,Trưởng phòng BI,CÔNG TY TNHH NHỰA DUY TÂN,Hồ Chí Minh,Cơ hội ứng tuyển chỉ còn: 1 ngày,['28-11-2023'],CNTT - Phần mềm,Nhân viên chính thức,Cạnh tranh,3 - 5 Năm,Quản lý
https://careerbuilder.vn/vi/tim-viec-lam/van-phong-chuyen-doi-tt-quan-ly-chuong-trinh-chuyen-gia-phong-quan-ly-du-an.35BF0678.html,Văn phòng Chuyển đổi - TT Quản lý Chương trình - Chuyên gia Phòng Quản lý dự án,LPBank,Hà Nội,Hạn nộp: 31-12-2023,['29-11-2023'],"Bán hàng / Kinh doanh, Ngân hàng",Nhân viên chính thức,Cạnh tranh,Trên3 Năm,Nhân viên
https://careerbuilder.vn/vi/tim-viec-lam/chuyen-vien-mis-phong-he-thong-thong-tin-quan-ly-tai-chinh-khoi-tai-chinh-ke-toan.35BDBC47.html,Chuyên viên MIS - Phòng Hệ thống thông tin quản lý tài chính - Khối Tài chính kế toán,Ngân Hàng TMCP Quân Đội,Hà Nội,Hạn nộp: 05-12-2023,['06-11-2023'],"Kế toán / Kiểm toán, Ngân hàng, Tài chính / Đầu tư",Nhân viên chính thức,Cạnh tranh,1 - 3 Năm,Nhân viên
https://careerbuilder.vn/vi/tim-viec-lam/ha-noi-truong-nhom-phan-tich-kinh-doanh.35BDD5CF.html,[Hà Nội] Trưởng nhóm Phân tích kinh doanh,CÔNG TY CỔ PHẦN CASPER VIỆT NAM,Hà Nội,Hạn nộp: 19-12-2023,['20-11-2023'],"Bán hàng / Kinh doanh, Thống kê, Tiếp thị trực tuyến",Nhân viên chính thức,Cạnh tranh,3 - 5 Năm,Trưởng nhóm / Giám sát
https://careerbuilder.vn/vi/tim-viec-lam/ha-noi-chuyen-vien-business-analyst.35BDB8BC.html,[Hà Nội] Chuyên viên Business Analyst,CÔNG TY CỔ PHẦN CASPER VIỆT NAM,Hà Nội,Cơ hội ứng tuyển chỉ còn: 6 ngày,['05-11-2023'],"Bán hàng / Kinh doanh, Thống kê, Tiếp thị trực tuyến",Nhân viên chính thức,Cạnh tranh,3 - 5 Năm,Trưởng nhóm / Giám sát
https://careerbuilder.vn/vi/tim-viec-lam/ho-cvcc-quan-ly-mo-hinh-do-luong-rui-ro-khoi-quan-ly-rui-ro.35BDF129.html,"HO - CVCC Quản lý mô hình đo lường rủi ro, Khối Quản lý rủi ro",Ngân Hàng TMCP Phương Đông - OCB,Hồ Chí Minh,Cơ hội ứng tuyển chỉ còn: 5 ngày,['04-11-2023'],"Quản lý điều hành, Ngân hàng, Thống kê",Nhân viên chính thức,Cạnh tranh,1 - 5 Năm,Nhân viên
https://careerbuilder.vn/vi/tim-viec-lam/chuyen-gia-mo-hinh-ban-chien-luoc.35BF1414.html,"Chuyên gia Mô hình - Ban Chiến lược
                                                                (Mới)",Ngân Hàng TMCP Quân Đội,Hà Nội,Hạn nộp: 31-12-2023,['28-11-2023'],"CNTT - Phần mềm, Ngân hàng, Tài chính / Đầu tư",Nhân viên chính thức,Cạnh tranh,Trên5 Năm,Trưởng nhóm / Giám sát
https://careerbuilder.vn/vi/tim-viec-lam/nhan-vien-digital-marketing.35BDEC8A.html,Nhân viên Digital Marketing,CÔNG TY CỔ PHẦN NHÀ PHƯƠNG NAM VIỆT NAM,Hồ Chí Minh,Cơ hội ứng tuyển chỉ còn: 4 ngày,['03-11-2023'],"Mỹ thuật / Nghệ thuật / Thiết kế, Quảng cáo / Đối ngoại / Truyền Thông, In ấn / Xuất bản",Nhân viên chính thức,14 Tr - 17 Tr VND,1 - 2 Năm,Nhân viên
https://careerbuilder.vn/vi/tim-viec-lam/chuyen-vien-chien-luoc-kinh-doanh-van-phong-qlda.35BEF093.html,Chuyên viên chiến lược kinh doanh - Văn phòng QLDA,Ngân hàng TMCP Đại Chúng Việt Nam - PVcomBank,Hà Nội,Hạn nộp: 31-12-2023,['23-11-2023'],"Bán hàng / Kinh doanh, Ngân hàng, Tài chính / Đầu tư",Nhân viên chính thức,Cạnh tranh,1 - 2 Năm,Nhân viên
https://careerbuilder.vn/vi/tim-viec-lam/nhan-vien-data-analyst.35BEE496.html,Nhân Viên Data Analyst,Công Ty Cổ Phần Vacxin Việt Nam,Hồ Chí Minh,,['03-11-2023'],"Kế toán / Kiểm toán, Ngân hàng, Tài chính / Đầu tư",Nhân viên chính thức,15 Tr - 20 Tr VND,1 - 2 Năm,Nhân viên
https://careerbuilder.vn/vi/tim-viec-lam/chuyen-vien-phan-tich-tai-chinh.35BEFFBB.html,CHUYÊN VIÊN PHÂN TÍCH TÀI CHÍNH,Công ty TNHH Giáo dục Khai Nguyên,Hồ Chí Minh,Hạn nộp: 16-12-2023,['17-11-2023'],"Giáo dục / Đào tạo, Kế toán / Kiểm toán, Tài chính / Đầu tư",Nhân viên chính thức,Cạnh tranh,Trên1 Năm,Nhân viên
https://careerbuilder.vn/vi/tim-viec-lam/it-application-developer-staff.35BEDBB1.html,IT Application Developer Staff,Công Ty TNHH Ortholite Việt Nam,Bình Dương,Hạn nộp: 08-12-2023,['20-11-2023'],"CNTT - Phần mềm, CNTT - Phần cứng / Mạng",Nhân viên chính thức,Cạnh tranh,1 - 2 Năm,Nhân viên
https://careerbuilder.vn/vi/tim-viec-lam/hcm-nhan-vien-trien-khai-phan-mem-linh-vuc-y-te.35BE0F0D.html,[HCM] NHÂN VIÊN TRIỂN KHAI (PHẦN MỀM LĨNH VỰC Y TẾ),VMED GROUP,Hồ Chí Minh,Hạn nộp: 18-12-2023,['19-11-2023'],"Y tế / Chăm sóc sức khỏe, CNTT - Phần mềm",Nhân viên chính thức,Cạnh tranh,1 - 3 Năm,Nhân viên
https://careerbuilder.vn/vi/tim-viec-lam/chuyen-vien-trai-nghiem-khach-hang.35BEF902.html,Chuyên viên Trải nghiệm Khách hàng,CÔNG TY CỔ PHẦN JEMMIA,Hồ Chí Minh,Hạn nộp: 08-12-2023,['21-11-2023'],"Bán hàng / Kinh doanh, Dịch vụ khách hàng",Nhân viên chính thức,Cạnh tranh,1 - 3 Năm,Nhân viên
https://careerbuilder.vn/vi/tim-viec-lam/senior-backend-developer-java.35BEE0DE.html,Senior Backend Developer (Java),Công ty Cổ phần Thời Trang YODY,"Hà Nội, Hải Dương",Cơ hội ứng tuyển chỉ còn: 1 ngày,['15-11-2023'],"CNTT - Phần mềm, CNTT - Phần cứng / Mạng",Nhân viên chính thức,20 Tr - 40 Tr VND,2 - 5 Năm,Nhân viên
https://careerbuilder.vn/vi/tim-viec-lam/cv-quan-tri-rui-ro-gian-lan-khoi-qtrr.35BF0C23.html,CV Quản trị rủi ro gian lận - Khối QTRR,Ngân Hàng TMCP Quân Đội,Hà Nội,Hạn nộp: 20-12-2023,['24-11-2023'],"Ngân hàng, Tài chính / Đầu tư",Nhân viên chính thức,Cạnh tranh,1 - 7 Năm,Nhân viên
https://careerbuilder.vn/vi/tim-viec-lam/data-science.35BEE456.html,Data Science,CÔNG TY TNHH THƯƠNG MẠI DỊCH VỤ ẨM THỰC ICOOL,Hồ Chí Minh,Cơ hội ứng tuyển chỉ còn: 1 ngày,['09-11-2023'],"CNTT - Phần mềm, Ngành khác",Nhân viên chính thức,10 Tr - 13 Tr VND,1 - 3 Năm,Nhân viên
https://careerbuilder.vn/vi/tim-viec-lam/tro-ly-kinh-doanh-sale-admin.35BEFDBC.html,Trợ lý kinh doanh - Sale Admin,Chicilon Media,Hồ Chí Minh,Hạn nộp: 15-12-2023,['16-11-2023'],nan,nan,nan,nan,nan
https://careerbuilder.vn/vi/tim-viec-lam/chuyen-vien-ke-toan-tong-hop.35BDF8E7.html,Chuyên viên Kế toán tổng hợp,Công ty CP Công nghệ giáo dục Trường học trực tuyến (ONSCHOOL),Hà Nội,Hạn nộp: 08-12-2023,['09-11-2023'],Kế toán / Kiểm toán,Nhân viên chính thức,12 Tr - 15 Tr VND,3 - 5 Năm,Nhân viên
https://careerbuilder.vn/vi/tim-viec-lam/chuyen-vien-cao-cap-he-thong-thong-tin-quan-tri-mis.35BDF19C.html,Chuyên Viên Cao Cấp Hệ Thống Thông Tin Quản Trị (MIS),CÔNG TY CỔ PHẦN KINH DOANH F88,Hà Nội,Cơ hội ứng tuyển chỉ còn: 5 ngày,['05-11-2023'],"Ngân hàng, CNTT - Phần mềm, CNTT - Phần cứng / Mạng",Nhân viên chính thức,Trên20 Tr VND,Trên3 Năm,Nhân viên
https://careerbuilder.vn/vi/tim-viec-lam/cong-tac-vien-phan-tich-kinh-doanh-ha-noi-ta139.35BED593.html,Cộng tác viên Phân tích kinh doanh - Hà Nội - TA139,Ngân Hàng TMCP Việt Nam Thịnh Vượng - VPBANK,Hà Nội,Hạn nộp: 26-12-2023,['27-11-2023'],"CNTT - Phần mềm, Ngân hàng, Mới tốt nghiệp / Thực tập",Nhân viên chính thức,Cạnh tranh,nan,Mới tốt nghiệp
https://careerbuilder.vn/vi/tim-viec-lam/cong-tac-vien-phan-tich-kinh-doanh-ha-noi-ta139.35BED6A2.html,Cộng tác viên Phân tích kinh doanh - Hà Nội - TA139,Ngân Hàng TMCP Việt Nam Thịnh Vượng - VPBANK,Hà Nội,Hạn nộp: 27-12-2023,['28-11-2023'],"CNTT - Phần mềm, Ngân hàng, Mới tốt nghiệp / Thực tập",Nhân viên chính thức,Cạnh tranh,nan,Mới tốt nghiệp
https://careerbuilder.vn/vi/tim-viec-lam/it-ky-su-cloud-bo-phan-thiet-ke-dien-dien-tu-nam-tu-liem-ha-noi-15-50-trieu.35BDED94.html,[IT] Kỹ sư Cloud ( Bộ phận thiết kế Điện – Điện tử) - Nam Từ Liêm Hà Nội (15-50 triệu),Công Ty TNHH OS POWER Việt Nam,Hà Nội,Cơ hội ứng tuyển chỉ còn: 4 ngày,['03-11-2023'],"Biên phiên dịch, CNTT - Phần mềm",Nhân viên chính thức,15 Tr - 50 Tr VND,3 - 5 Năm,Nhân viên
https://careerbuilder.vn/vi/tim-viec-lam/chuyen-vien-cao-cap-mo-hinh-rui-ro.35BEFE77.html,Chuyên viên cao cấp Mô hình rủi ro,Ngân Hàng TMCP Sài Gòn - Hà Nội ( SHB ),Hà Nội,Hạn nộp: 15-12-2023,['23-11-2023'],"CNTT - Phần mềm, Kế toán / Kiểm toán, Ngân hàng",Nhân viên chính thức,Cạnh tranh,Trên3 Năm,Nhân viên
https://careerbuilder.vn/vi/tim-viec-lam/chuyen-vien-cao-cap-mo-hinh-rui-ro.35BDE1F8.html,Chuyên viên cao cấp Mô hình rủi ro,Ngân Hàng TMCP Sài Gòn - Hà Nội ( SHB ),Hà Nội,Hạn nộp: 26-12-2023,['27-11-2023'],"CNTT - Phần mềm, Kế toán / Kiểm toán, Ngân hàng",Nhân viên chính thức,Cạnh tranh,Trên3 Năm,Nhân viên
https://careerbuilder.vn/vi/tim-viec-lam/senior-data-engineer.35BDDD82.html,Senior Data Engineer,Công Ty CP Vàng Bạc Đá Quý Phú Nhuận - PNJ,Hồ Chí Minh,Hạn nộp: 24-12-2023,['25-11-2023'],"Bán lẻ / Bán sỉ, CNTT - Phần mềm, Thống kê",Nhân viên chính thức,Cạnh tranh,5 - 8 Năm,Nhân viên
https://careerbuilder.vn/vi/tim-viec-lam/senior-data-engineer.35BEEC9F.html,Senior Data Engineer,Công Ty CP Vàng Bạc Đá Quý Phú Nhuận - PNJ,Hồ Chí Minh,Hạn nộp: 25-12-2023,['28-11-2023'],"Bán lẻ / Bán sỉ, CNTT - Phần mềm, Thống kê",Nhân viên chính thức,Cạnh tranh,5 - 8 Năm,Nhân viên
https://careerbuilder.vn/vi/tim-viec-lam/backend-web-dev-mysql-nodejs-mongodb.35BDF4F8.html,"Backend Web Dev (MySQL, NodeJS, MongoDB)",CÔNG TY CỔ PHẦN KING FOOD MARKET,Hồ Chí Minh,Hạn nộp: 05-12-2023,['06-11-2023'],"CNTT - Phần mềm, CNTT - Phần cứng / Mạng",Nhân viên chính thức,10 Tr - 30 Tr VND,1 - 4 Năm,Nhân viên
https://careerbuilder.vn/vi/tim-viec-lam/chuyen-vien-cao-cap-he-thong-thong-tin-quan-tri-mis.35BE0874.html,Chuyên Viên Cao Cấp Hệ Thống Thông Tin Quản Trị (MIS),Tổng công ty Cổ phần Bảo hiểm Bưu điện,Hà Nội,Hạn nộp: 15-12-2023,['16-11-2023'],"Kế toán / Kiểm toán, Bảo hiểm, Tài chính / Đầu tư",Nhân viên chính thức,Cạnh tranh,Trên5 Năm,Nhân viên
https://careerbuilder.vn/vi/tim-viec-lam/giam-doc-quan-tri-so-nganh-bds.35BDD52F.html,GIÁM ĐỐC QUẢN TRỊ SỐ (NGÀNH BĐS),TBS Land- Công ty Cổ Phần Đầu Tư Thái Bình,Bình Dương,Hạn nộp: 19-12-2023,['20-11-2023'],Bất động sản,Nhân viên chính thức,40 Tr - 60 Tr VND,5 - 10 Năm,Giám đốc
https://careerbuilder.vn/vi/tim-viec-lam/ban-tai-chinh-ho-hn-chuyen-vien-bao-cao-quan-tri.35BDDF45.html,[Ban Tài chính - HO HN] Chuyên viên Báo cáo quản trị,ABBANK - Ngân Hàng TMCP An Bình,Hà Nội,Hạn nộp: 24-12-2023,['25-11-2023'],Ngân hàng,Nhân viên chính thức,Cạnh tranh,2 - 3 Năm,Nhân viên
https://careerbuilder.vn/vi/tim-viec-lam/lap-trinh-vien-net.35BEE306.html,Lập trình viên .NET,Tổng công ty Cổ phần Bảo hiểm Bưu điện,Hà Nội,Cơ hội ứng tuyển chỉ còn: 1 ngày,['23-11-2023'],"Bảo hiểm, Tài chính / Đầu tư, CNTT - Phần mềm",Nhân viên chính thức,Cạnh tranh,2 - 3 Năm,Nhân viên
https://careerbuilder.vn/vi/tim-viec-lam/nhan-vien-ke-toan-kho-thoi-trang-dexus.35BEEB77.html,Nhân Viên Kế Toán Kho - Thời trang DEXUS,CÔNG TY TNHH DHARMA VIỆT NAM,Hà Nội,Cơ hội ứng tuyển chỉ còn: 1 ngày,['28-11-2023'],"Kế toán / Kiểm toán, Ngân hàng, Thống kê",Nhân viên chính thức,10 Tr - 15 Tr VND,1 - 3 Năm,Nhân viên
https://careerbuilder.vn/vi/tim-viec-lam/senior-operations-executive.35BE079B.html,Senior Operations Executive,Công Ty Cổ Phần VNG,Hồ Chí Minh,Hạn nộp: 15-12-2023,['16-11-2023'],"Bán hàng / Kinh doanh, Kế toán / Kiểm toán, CNTT - Phần mềm",Nhân viên chính thức,Cạnh tranh,nan,Nhân viên
https://careerbuilder.vn/vi/tim-viec-lam/demand-planning-manager.35BE11E8.html,Demand Planning Manager,Công ty CP Thành Thành Công - Biên Hòa,Hồ Chí Minh,Hạn nộp: 20-12-2023,['21-11-2023'],"Ngành khác, Nông nghiệp, Thống kê",Nhân viên chính thức,Cạnh tranh,5 - 7 Năm,Trưởng nhóm / Giám sát
https://careerbuilder.vn/vi/tim-viec-lam/demand-planning-manager.35BEEFB7.html,Demand Planning Manager,Công ty CP Thành Thành Công - Biên Hòa,Hồ Chí Minh,Hạn nộp: 08-12-2023,['29-11-2023'],"Ngành khác, Nông nghiệp, Thống kê",Nhân viên chính thức,Cạnh tranh,5 - 7 Năm,Trưởng nhóm / Giám sát
https://careerbuilder.vn/vi/tim-viec-lam/nhan-vien-thong-ke.35BF03D6.html,NHÂN VIÊN THỐNG KÊ,Tập Đoàn Kim Tín,Bình Phước,Hạn nộp: 31-12-2023,['28-11-2023'],Hành chính / Thư ký,Nhân viên chính thức,Cạnh tranh,1 - 2 Năm,Nhân viên
https://careerbuilder.vn/vi/tim-viec-lam/sc-network-modelling-simulation-analytics-senior-manager.35BDDF49.html,SC Network Modelling & Simulation Analytics Senior Manager,Công Ty Cổ Phần GreenFeed Việt Nam,Hồ Chí Minh,Hạn nộp: 24-12-2023,['25-11-2023'],"Thu mua / Vật tư, Vận chuyển / Giao nhận /Kho vận, Xuất nhập khẩu",Nhân viên chính thức,Cạnh tranh,10 - 15 Năm,Quản lý
https://careerbuilder.vn/vi/tim-viec-lam/chuyen-vien-nghien-cuu-va-phat-trien-thuoc-ban-ke-hoach-va-phat-trien-kinh-doanh.35BDFDDC.html,Chuyên viên Nghiên cứu và Phát triển thuộc Ban Kế hoạch và Phát triển Kinh doanh,Công Ty CP Du lịch và Tiếp Thị GTVT Việt Nam- Vietravel,Hồ Chí Minh,Hạn nộp: 10-12-2023,['11-11-2023'],"Tư vấn, Tài chính / Đầu tư, Tiếp thị / Marketing",Nhân viên chính thức,Cạnh tranh,Trên2 Năm,Nhân viên
https://careerbuilder.vn/vi/tim-viec-lam/sales-analyst.35BE0DFF.html,Sales Analyst,Bảo mật,Hà Nội,Hạn nộp: 17-12-2023,['18-11-2023'],"Y tế / Chăm sóc sức khỏe, Tài chính / Đầu tư, Dược phẩm",Nhân viên chính thức,Cạnh tranh,2 - 4 Năm,Nhân viên
https://careerbuilder.vn/vi/tim-viec-lam/chuyen-vien-he-thong-thong-tin-quan-tri-mis.35BE0870.html,Chuyên Viên Hệ Thống Thông Tin Quản Trị (MIS),Tổng công ty Cổ phần Bảo hiểm Bưu điện,Hà Nội,Hạn nộp: 15-12-2023,['16-11-2023'],"Kế toán / Kiểm toán, Ngân hàng, Tài chính / Đầu tư",Nhân viên chính thức,Cạnh tranh,Trên2 Năm,Nhân viên
https://careerbuilder.vn/vi/tim-viec-lam/giam-doc-phong-quan-ly-danh-muc-tin-dung.35BEE695.html,Giám đốc Phòng Quản lý Danh mục Tín dụng,Ngân Hàng TMCP Quốc Tế Việt Nam,Hồ Chí Minh,Cơ hội ứng tuyển chỉ còn: 3 ngày,['24-11-2023'],"Bán hàng / Kinh doanh, Quản lý điều hành, Ngân hàng",Nhân viên chính thức,Cạnh tranh,5 - 7 Năm,Giám đốc
https://careerbuilder.vn/vi/tim-viec-lam/associate-software-engineer-oracle-sql.35BEEE43.html,"Associate Software Engineer (Oracle, SQL)",Công Ty Cổ Phần VNG,Hồ Chí Minh,Hạn nộp: 21-12-2023,['29-11-2023'],CNTT - Phần mềm,Nhân viên chính thức,Cạnh tranh,1 - 2 Năm,Nhân viên
https://careerbuilder.vn/vi/tim-viec-lam/product-owner-zalopay.35BEFF38.html,"PRODUCT OWNER, ZALOPAY",Công Ty Cổ Phần VNG,Hồ Chí Minh,Hạn nộp: 10-12-2023,['24-11-2023'],"Ngân hàng, CNTT - Phần mềm",Nhân viên chính thức,Cạnh tranh,1 - 3 Năm,Nhân viên
https://careerbuilder.vn/vi/tim-viec-lam/ho-cv-cvcc-bao-cao-tin-dung-khoi-quan-ly-rui-ro.35BDE9F7.html,"HO - CV/CVCC Báo cáo tín dụng, Khối Quản lý rủi ro",Ngân Hàng TMCP Phương Đông - OCB,Hồ Chí Minh,Cơ hội ứng tuyển chỉ còn: 3 ngày,['02-11-2023'],"Kế toán / Kiểm toán, Luật / Pháp lý, Ngân hàng",Nhân viên chính thức,Cạnh tranh,1 - 5 Năm,Nhân viên
https://careerbuilder.vn/vi/tim-viec-lam/trade-marketing-executive.35BDEC18.html,Trade Marketing Executive,Công ty TNHH TM Quốc Tế Hải Sản Hoàng Gia,Hồ Chí Minh,Cơ hội ứng tuyển chỉ còn: 3 ngày,['03-11-2023'],Tiếp thị / Marketing,Nhân viên chính thức,13 Tr - 15 Tr VND,1 - 3 Năm,Nhân viên
https://careerbuilder.vn/vi/tim-viec-lam/nhan-vien-van-hanh-callcenter-an-khang-duoc.35BEEF16.html,Nhân Viên Vận Hành Callcenter An Khang (Dược),Công ty Cổ Phần Thế Giới Di Động,Hồ Chí Minh,Hạn nộp: 31-12-2023,['29-11-2023'],"Dược phẩm, Y tế / Chăm sóc sức khỏe, Dịch vụ khách hàng",Nhân viên chính thức,Cạnh tranh,nan,Nhân viên
https://careerbuilder.vn/vi/tim-viec-lam/ke-toan-tong-hop.35BEE1E3.html,Kế Toán Tổng Hợp,CÔNG TY TNHH DHARMA VIỆT NAM,Hà Nội,Hạn nộp: 10-12-2023,['23-11-2023'],"Kế toán / Kiểm toán, Ngân hàng, Thống kê",Nhân viên chính thức,10 Tr - 15 Tr VND,2 - 4 Năm,Nhân viên
https://careerbuilder.vn/vi/tim-viec-lam/junior-developer-java-python-javascript-api.35BDF0A8.html,Junior Developer (Java/ Python/ JavaScript/API),CÔNG TY TNHH GIMASYS,Hà Nội,Cơ hội ứng tuyển chỉ còn: 5 ngày,['04-11-2023'],CNTT - Phần mềm,Nhân viên chính thức,Cạnh tranh,1 - 2 Năm,Nhân viên
https://careerbuilder.vn/vi/tim-viec-lam/chuyen-vien-quan-ly-ha-tang-may-chu-va-mang-vien-thong.35BDCA22.html,Chuyên Viên Quản Lý Hạ Tầng Máy Chủ Và Mạng Viễn Thông,TẬP ĐOÀN Y TẾ VIỆT NGA,Hà Nội,Hạn nộp: 13-12-2023,['14-11-2023'],"CNTT - Phần mềm, CNTT - Phần cứng / Mạng, Bưu chính viễn thông",Nhân viên chính thức,15 Tr - 25 Tr VND,Trên3 Năm,Nhân viên
https://careerbuilder.vn/vi/tim-viec-lam/chuyen-vien-quan-ly-ha-tang-may-chu-va-mang-vien-thong.35BF0933.html,Chuyên Viên Quản Lý Hạ Tầng Máy Chủ Và Mạng Viễn Thông,TẬP ĐOÀN Y TẾ VIỆT NGA,Hà Nội,Hạn nộp: 31-12-2023,['23-11-2023'],"CNTT - Phần mềm, CNTT - Phần cứng / Mạng, Bưu chính viễn thông",Nhân viên chính thức,Cạnh tranh,Trên3 Năm,Nhân viên
https://careerbuilder.vn/vi/tim-viec-lam/chuyen-vien-marketing.35BE3A97.html,Chuyên viên Marketing,Công ty TNHH Thương mại Sơn Dương,Hà Nội,Hạn nộp: 25-12-2023,['26-11-2023'],"Tiếp thị / Marketing, Hành chính / Thư ký, Quảng cáo / Đối ngoại / Truyền Thông",Nhân viên chính thức,20 Tr - 30 Tr VND,3 - 5 Năm,Trưởng nhóm / Giám sát
https://careerbuilder.vn/vi/tim-viec-lam/chuyen-vien-quan-ly-tai-san-co-rui-ro.35BDDD83.html,Chuyên viên Quản lý tài sản có rủi ro,Ngân Hàng TMCP Sài Gòn - Hà Nội ( SHB ),Hà Nội,Hạn nộp: 24-12-2023,['25-11-2023'],"Kế toán / Kiểm toán, Ngân hàng",Nhân viên chính thức,Cạnh tranh,Trên4 Năm,Nhân viên
https://careerbuilder.vn/vi/tim-viec-lam/chuyen-vien-quan-ly-tai-san-co-rui-ro.35BF0F78.html,"Chuyên viên Quản lý tài sản có rủi ro
                                                                (Mới)",Ngân Hàng TMCP Sài Gòn - Hà Nội ( SHB ),Hà Nội,Hạn nộp: 26-12-2023,['27-11-2023'],"Kế toán / Kiểm toán, Ngân hàng",Nhân viên chính thức,Cạnh tranh,Trên4 Năm,Nhân viên
https://careerbuilder.vn/vi/tim-viec-lam/nhan-vien-sale-admin-kinh-doanh-xuat-khau.35BEFB06.html,Nhân viên sale admin (kinh doanh xuất khẩu),Công ty cổ phần Nafoods Group,Hồ Chí Minh,Hạn nộp: 15-12-2023,['15-11-2023'],"Bán hàng / Kinh doanh, Thực phẩm & Đồ uống, Xuất nhập khẩu",Nhân viên chính thức,9 Tr - 15 Tr VND,1 - 3 Năm,Nhân viên
https://careerbuilder.vn/vi/tim-viec-lam/data-science-expert.35BDEE70.html,Data Science Expert,Công Ty CP Vàng Bạc Đá Quý Phú Nhuận - PNJ,Hồ Chí Minh,Hạn nộp: 25-12-2023,['03-11-2023'],"Bán lẻ / Bán sỉ, CNTT - Phần mềm, Thống kê",Nhân viên chính thức,Cạnh tranh,5 - 8 Năm,Quản lý
https://careerbuilder.vn/vi/tim-viec-lam/backend-developer-team-leader.35BEEE79.html,Backend Developer Team Leader,Công Ty Cổ Phần Phương Tiện Điện Thông Minh Selex,Hà Nội,Hạn nộp: 08-12-2023,['29-11-2023'],"Cơ khí / Ô tô / Tự động hóa, CNTT - Phần mềm, CNTT - Phần cứng / Mạng",Nhân viên chính thức,"Lên đến2,500 USD",Trên5 Năm,Trưởng nhóm / Giám sát
