job_link,job_title,comp_name,location,expire_date,update_date,salary,staff_type,job_level,Phương thức làm việc,sal_min,sal_max,currency,exp_min,exp_max,exp_measurement,location_Hồ Chí Minh,location_Hà Nội,location_Hải Dương,location_Đồng Nai,location_Bình Dương,location_Đà Nẵng,location_Bà Rịa - Vũng Tàu,location_Bắc Ninh,location_Long An,location_Hà Nam,location_Thừa Thiên- Huế,industry_CNTT - Phần mềm,industry_CNTT - Phần cứng / Mạng,industry_Ngân hàng,industry_Ngành khác,industry_Chứng khoán,industry_Tài chính / Đầu tư,industry_Quản lý điều hành,industry_Xuất nhập khẩu,industry_Bán lẻ / Bán sỉ,industry_Thống kê,industry_Kế toán / Kiểm toán,industry_Tiếp thị trực tuyến,industry_Tiếp thị / Marketing,industry_Luật / Pháp lý,industry_Nhân sự,industry_Bán hàng / Kinh doanh,industry_Dịch vụ khách hàng,industry_Sản xuất / Vận hành sản xuất,industry_Dược phẩm,industry_Hành chính / Thư ký,industry_Bưu chính viễn thông,industry_Vận chuyển / Giao nhận /Kho vận,industry_Điện / Điện tử / Điện lạnh,industry_Tư vấn,industry_Giáo dục / Đào tạo,industry_Bảo hiểm,industry_Quản lý chất lượng (QA/QC),industry_Cơ khí / Ô tô / Tự động hóa,industry_Biên phiên dịch,industry_Giải trí,industry_Quảng cáo / Đối ngoại / Truyền Thông,industry_Dệt may / Da giày / Thời trang,industry_Thực phẩm & Đồ uống,industry_Hóa học,industry_In ấn / Xuất bản,industry_Kiến trúc,industry_Xây dựng,industry_Y tế / Chăm sóc sức khỏe,industry_Mỹ thuật / Nghệ thuật / Thiết kế,industry_Nội ngoại thất,industry_Hàng gia dụng / Chăm sóc cá nhân,industry_Nông nghiệp,industry_Nhà hàng / Khách sạn,industry_Thu mua / Vật tư,job_id
https://careerbuilder.vn/vi/tim-viec-lam/data-engineer.35BEDE68.html,data engineer,Công Ty Tài Chính Mirae Asset (Việt Nam),Hồ Chí Minh,2023-11-30,2023-11-14,Cạnh tranh,Nhân viên chính thức,Nhân viên,,,,,4.0,,năm,1,0,0,0,0,0,0,0,0,0,0,1,1,1,0,0,0,0,0,0,0,0,0,0,0,0,0,0,0,0,0,0,0,0,0,0,0,0,0,0,0,0,0,0,0,0,0,0,0,0,0,0,0,0,0,35BEDE68
https://careerbuilder.vn/vi/tim-viec-lam/data-manager.35BE2B06.html,data manager,Công ty Cổ phần Thời Trang YODY,"Hà Nội, Hải Dương",2023-11-30,2023-11-16,Cạnh tranh,Nhân viên chính thức,Quản lý,,,,,1.0,4.0,năm,0,1,1,0,0,0,0,0,0,0,0,1,0,0,0,0,0,0,0,0,0,0,0,0,0,0,0,0,0,0,0,0,0,0,0,0,0,0,0,0,0,0,0,0,0,0,0,0,0,0,0,0,0,0,0,35BE2B06
https://careerbuilder.vn/vi/tim-viec-lam/data-intern.35BEEEAE.html,data intern,Công ty CP Thành Thành Công - Biên Hòa,Hồ Chí Minh,2023-12-08,2023-11-08,Cạnh tranh,Thực tập,Sinh viên/ Thực tập sinh,,,,,,,,1,0,0,0,0,0,0,0,0,0,0,1,1,0,1,0,0,0,0,0,0,0,0,0,0,0,0,0,0,0,0,0,0,0,0,0,0,0,0,0,0,0,0,0,0,0,0,0,0,0,0,0,0,0,0,35BEEEAE
https://careerbuilder.vn/vi/tim-viec-lam/data-engineer.35BF0168.html,data engineer,Yes4All Trading Services Company Limited,Hồ Chí Minh,2023-12-19,2023-11-19,Cạnh tranh,Nhân viên chính thức,Nhân viên,,,,,1.0,2.0,năm,1,0,0,0,0,0,0,0,0,0,0,1,1,0,0,0,0,0,0,0,0,0,0,0,0,0,0,0,0,0,0,0,0,0,0,0,0,0,0,0,0,0,0,0,0,0,0,0,0,0,0,0,0,0,0,35BF0168
https://careerbuilder.vn/vi/tim-viec-lam/data-analyst.35BDF7D4.html,data analyst,CÔNG TY TNHH GIMASYS,Hà Nội,2023-12-08,2023-11-09,Cạnh tranh,Nhân viên chính thức,Nhân viên,,,,,1.0,3.0,năm,0,1,0,0,0,0,0,0,0,0,0,1,0,0,0,0,0,0,0,0,0,0,0,0,0,0,0,0,0,0,0,0,0,0,0,0,0,0,0,0,0,0,0,0,0,0,0,0,0,0,0,0,0,0,0,35BDF7D4
https://careerbuilder.vn/vi/tim-viec-lam/data-engineer.35BDE963.html,data engineer,CÔNG TY TNHH GIMASYS,Hà Nội,2023-12-01,2023-11-02,Cạnh tranh,Nhân viên chính thức,Nhân viên,,,,,1.0,3.0,năm,0,1,0,0,0,0,0,0,0,0,0,1,0,0,0,0,0,0,0,0,0,0,0,0,0,0,0,0,0,0,0,0,0,0,0,0,0,0,0,0,0,0,0,0,0,0,0,0,0,0,0,0,0,0,0,35BDE963
https://careerbuilder.vn/vi/tim-viec-lam/ho-data-quality-data-governance-specialist.35BDBC49.html,ho - data quality/ data governance specialist,ACB - Ngân Hàng TMCP Á Châu,Hồ Chí Minh,2023-12-05,2023-11-06,Cạnh tranh,Nhân viên chính thức,Nhân viên,,,,,1.0,5.0,năm,1,0,0,0,0,0,0,0,0,0,0,1,0,1,0,0,0,0,0,0,0,0,0,0,0,0,0,0,0,0,0,0,0,0,0,0,0,0,0,0,0,0,0,0,0,0,0,0,0,0,0,0,0,0,0,35BDBC49
https://careerbuilder.vn/vi/tim-viec-lam/data-operation-engineer.35BDFDC0.html,data operation engineer,Công Ty CP Chứng Khoán VNDIRECT,Hà Nội,2023-12-10,2023-11-11,Cạnh tranh,Nhân viên chính thức,Nhân viên,,,,,1.0,3.0,năm,0,1,0,0,0,0,0,0,0,0,0,1,0,0,0,1,1,0,0,0,0,0,0,0,0,0,0,0,0,0,0,0,0,0,0,0,0,0,0,0,0,0,0,0,0,0,0,0,0,0,0,0,0,0,0,35BDFDC0
https://careerbuilder.vn/vi/tim-viec-lam/data-protection-security-specialist.35BE041E.html,data protection & security specialist,CÔNG TY TNHH TALENTVIS VIỆT NAM,Hà Nội,2023-12-12,2023-11-13,30 Tr - 40 Tr VND,Nhân viên chính thức,Nhân viên,,30.0,40.0,VND,1.0,5.0,năm,0,1,0,0,0,0,0,0,0,0,0,1,0,1,0,0,1,0,0,0,0,0,0,0,0,0,0,0,0,0,0,0,0,0,0,0,0,0,0,0,0,0,0,0,0,0,0,0,0,0,0,0,0,0,0,35BE041E
https://careerbuilder.vn/vi/tim-viec-lam/head-of-data-and-smart.35BE073E.html,head of data and smart,Indo Trans Logistics,Hồ Chí Minh,2023-12-15,2023-11-16,Cạnh tranh,Nhân viên chính thức,Quản lý,,,,,5.0,10.0,năm,1,0,0,0,0,0,0,0,0,0,0,1,0,0,0,0,0,1,1,0,0,0,0,0,0,0,0,0,0,0,0,0,0,0,0,0,0,0,0,0,0,0,0,0,0,0,0,0,0,0,0,0,0,0,0,35BE073E
https://careerbuilder.vn/vi/tim-viec-lam/sales-analyst-data-analyst.35BE0428.html,sales analyst/ data analyst,CÔNG TY TNHH TALENTVIS VIỆT NAM,Hà Nội,2023-12-12,2023-11-13,30 Tr - 40 Tr VND,Nhân viên chính thức,Nhân viên,,30.0,40.0,VND,3.0,6.0,năm,0,1,0,0,0,0,0,0,0,0,0,0,0,1,0,0,1,0,0,0,0,0,0,0,0,0,0,0,0,0,0,0,0,0,0,0,0,0,0,0,0,0,0,0,0,0,0,0,0,0,0,0,0,0,0,35BE0428
https://careerbuilder.vn/vi/tim-viec-lam/senior-data-analyst.35BEF4FD.html,senior data analyst,Yes4All Trading Services Company Limited,Hồ Chí Minh,2023-12-11,2023-11-19,Cạnh tranh,Nhân viên chính thức,Nhân viên,,,,,2.0,3.0,năm,1,0,0,0,0,0,0,0,0,0,0,1,1,0,0,0,0,0,0,0,0,0,0,0,0,0,0,0,0,0,0,0,0,0,0,0,0,0,0,0,0,0,0,0,0,0,0,0,0,0,0,0,0,0,0,35BEF4FD
https://careerbuilder.vn/vi/tim-viec-lam/senior-data-engineer.35BDDD82.html,senior data engineer,Công Ty CP Vàng Bạc Đá Quý Phú Nhuận - PNJ,Hồ Chí Minh,2023-11-24,2023-10-26,Cạnh tranh,Nhân viên chính thức,Nhân viên,,,,,5.0,8.0,năm,1,0,0,0,0,0,0,0,0,0,0,1,0,0,0,0,0,0,0,1,1,0,0,0,0,0,0,0,0,0,0,0,0,0,0,0,0,0,0,0,0,0,0,0,0,0,0,0,0,0,0,0,0,0,0,35BDDD82
https://careerbuilder.vn/vi/tim-viec-lam/senior-data-engineer.35BEEC9F.html,senior data engineer,Công Ty CP Vàng Bạc Đá Quý Phú Nhuận - PNJ,Hồ Chí Minh,2023-12-25,2023-11-14,Cạnh tranh,Nhân viên chính thức,Nhân viên,,,,,5.0,8.0,năm,1,0,0,0,0,0,0,0,0,0,0,1,0,0,0,0,0,0,0,1,1,0,0,0,0,0,0,0,0,0,0,0,0,0,0,0,0,0,0,0,0,0,0,0,0,0,0,0,0,0,0,0,0,0,0,35BEEC9F
https://careerbuilder.vn/vi/tim-viec-lam/senior-data-engineer.35BE5F6D.html,senior data engineer,Tổng công ty Cổ phần Bảo hiểm Bưu điện,Hà Nội,2023-11-30,2023-11-17,Cạnh tranh,Nhân viên chính thức,Nhân viên,,,,,5.0,7.0,năm,0,1,0,0,0,0,0,0,0,0,0,1,1,0,0,0,0,0,0,0,0,0,0,0,0,0,0,0,0,0,0,0,0,0,0,0,0,0,0,0,0,0,0,0,0,0,0,0,0,0,0,0,0,0,0,35BE5F6D
https://careerbuilder.vn/vi/tim-viec-lam/data-engineer.35BE487F.html,data engineer,DatvietVAC Group Holdings,Hồ Chí Minh,2023-11-30,2023-10-27,nan,,,,,,nan,,,,1,0,0,0,0,0,0,0,0,0,0,0,0,0,0,0,0,0,0,0,0,0,0,0,0,0,0,0,0,0,0,0,0,0,0,0,0,0,0,0,0,0,0,0,0,0,0,0,0,0,0,0,0,0,0,35BE487F
https://careerbuilder.vn/vi/tim-viec-lam/senior-data-scientist-ii-zalopay-data-platform.35BDF034.html,"senior data scientist ii (zalopay, data platform)",Công Ty Cổ Phần VNG,Hồ Chí Minh,2023-12-03,2023-11-04,Cạnh tranh,Nhân viên chính thức,Trưởng nhóm / Giám sát,,,,,3.0,8.0,năm,1,0,0,0,0,0,0,0,0,0,0,1,0,0,0,0,0,0,0,0,0,0,0,0,0,0,0,0,0,0,0,0,0,0,0,0,0,0,0,0,0,0,0,0,0,0,0,0,0,0,0,0,0,0,0,35BDF034
https://careerbuilder.vn/vi/tim-viec-lam/data-engineer-hanoi-ta083.35BDC00F.html,data engineer - hanoi - ta083,Ngân Hàng TMCP Việt Nam Thịnh Vượng - VPBANK,Hà Nội,2023-12-07,2023-11-08,Cạnh tranh,Nhân viên chính thức,Nhân viên,,,,,3.0,5.0,năm,0,1,0,0,0,0,0,0,0,0,0,1,0,0,0,1,0,0,0,0,0,1,0,0,0,0,0,0,0,0,0,0,0,0,0,0,0,0,0,0,0,0,0,0,0,0,0,0,0,0,0,0,0,0,0,35BDC00F
https://careerbuilder.vn/vi/tim-viec-lam/data-analytics-leader-associate-manager.35BDE9E6.html,data analytics leader / associate manager,Yes4All Trading Services Company Limited,Hồ Chí Minh,2023-12-01,2023-11-02,Cạnh tranh,Nhân viên chính thức,Trưởng nhóm / Giám sát,,,,,4.0,8.0,năm,1,0,0,0,0,0,0,0,0,0,0,1,1,0,0,0,0,0,0,0,0,0,1,0,0,0,0,0,0,0,0,0,0,0,0,0,0,0,0,0,0,0,0,0,0,0,0,0,0,0,0,0,0,0,0,35BDE9E6
https://careerbuilder.vn/vi/tim-viec-lam/senior-data-analyst-growth-marketing.35BEF840.html,"senior data analyst, growth & marketing",Công ty Cổ phần Dịch vụ Di Động Trực tuyến (Ví MoMo),Hồ Chí Minh,2023-12-15,2023-11-14,Cạnh tranh,Nhân viên chính thức,Nhân viên,,,,,3.0,,năm,1,0,0,0,0,0,0,0,0,0,0,1,0,0,0,0,1,0,0,0,0,0,0,1,0,0,0,0,0,0,0,0,0,0,0,0,0,0,0,0,0,0,0,0,0,0,0,0,0,0,0,0,0,0,0,35BEF840
https://careerbuilder.vn/vi/tim-viec-lam/manager-technology-governance-data-privacy.35BDC8F0.html,manager – technology governance & data privacy,Công Ty Cổ Phần GreenFeed Việt Nam,Hồ Chí Minh,2023-12-12,2023-11-13,Cạnh tranh,Nhân viên chính thức,Trưởng nhóm / Giám sát,,,,,5.0,10.0,năm,1,0,0,0,0,0,0,0,0,0,0,1,1,0,0,0,0,0,0,0,0,0,0,0,1,0,0,0,0,0,0,0,0,0,0,0,0,0,0,0,0,0,0,0,0,0,0,0,0,0,0,0,0,0,0,35BDC8F0
https://careerbuilder.vn/vi/tim-viec-lam/expert-data-governance-hanoi-ta083.35BDFEF4.html,expert data governance - hanoi - ta083,Ngân Hàng TMCP Việt Nam Thịnh Vượng - VPBANK,Hà Nội,2023-12-10,2023-11-11,Cạnh tranh,Nhân viên chính thức,Nhân viên,,,,,3.0,5.0,năm,0,1,0,0,0,0,0,0,0,0,0,1,0,1,0,0,0,0,0,0,0,1,0,0,0,0,0,0,0,0,0,0,0,0,0,0,0,0,0,0,0,0,0,0,0,0,0,0,0,0,0,0,0,0,0,35BDFEF4
https://careerbuilder.vn/vi/tim-viec-lam/data-product-owner-ha-noi-ta139.35BDDFB2.html,data product owner - hà nội - ta139,Ngân Hàng TMCP Việt Nam Thịnh Vượng - VPBANK,Hà Nội,2023-11-25,2023-10-27,Cạnh tranh,Nhân viên chính thức,Trưởng nhóm / Giám sát,,,,,4.0,7.0,năm,0,1,0,0,0,0,0,0,0,0,0,1,0,1,0,0,0,1,0,0,0,0,0,0,0,0,0,0,0,0,0,0,0,0,0,0,0,0,0,0,0,0,0,0,0,0,0,0,0,0,0,0,0,0,0,35BDDFB2
https://careerbuilder.vn/vi/tim-viec-lam/payroll-coordinator-cum-hr-data-analyst.35BEE1A3.html,payroll coordinator cum hr data analyst,VINA-BAT JOINT VENTURE COMPANY LIMITED,Hồ Chí Minh,2023-12-01,2023-11-01,19 Tr - 25 Tr VND,Nhân viên chính thức,Nhân viên,,19.0,25.0,VND,2.0,,năm,1,0,0,0,0,0,0,0,0,0,0,0,0,0,0,0,0,0,0,0,0,0,0,0,0,1,0,0,0,0,0,0,0,0,0,0,0,0,0,0,0,0,0,0,0,0,0,0,0,0,0,0,0,0,0,35BEE1A3
https://careerbuilder.vn/vi/tim-viec-lam/data-analyst-workforce-management-analyst-supervisor.35BE11A1.html,data analyst/ workforce management analyst supervisor,CHI NHÁNH CÔNG TY TNHH TRANSCOSMOS VIỆT NAM TẠI THÀNH PHỐ HỒ CHÍ MINH,Hồ Chí Minh,2023-12-19,2023-11-20,25 Tr - 30 Tr VND,Nhân viên chính thức,Trưởng nhóm / Giám sát,,25.0,30.0,VND,3.0,5.0,năm,1,0,0,0,0,0,0,0,0,0,0,0,0,0,0,0,1,0,0,0,0,0,0,0,0,0,1,1,0,0,0,0,0,0,0,0,0,0,0,0,0,0,0,0,0,0,0,0,0,0,0,0,0,0,0,35BE11A1
https://careerbuilder.vn/vi/tim-viec-lam/data-operation-engineer.35BEF61A.html,data operation engineer,Tổng công ty Cổ phần Bảo hiểm Bưu điện,Hà Nội,2023-11-30,2023-11-20,Cạnh tranh,Nhân viên chính thức,Nhân viên,,,,,1.0,3.0,năm,0,1,0,0,0,0,0,0,0,0,0,1,0,0,0,0,0,0,0,0,0,0,0,0,0,0,0,0,0,0,0,0,0,0,0,0,0,0,0,0,0,0,0,0,0,0,0,0,0,0,0,0,0,0,0,35BEF61A
https://careerbuilder.vn/vi/tim-viec-lam/data-engineer-ha-noi-ta083.35BEE2AB.html,data engineer - hà nội - ta083,Ngân Hàng TMCP Việt Nam Thịnh Vượng - VPBANK,Hà Nội,2023-11-30,2023-11-16,Cạnh tranh,Nhân viên chính thức,Nhân viên,,,,,3.0,5.0,năm,0,1,0,0,0,0,0,0,0,0,0,1,0,1,0,0,0,0,0,0,0,0,0,0,0,0,0,0,0,0,0,0,0,0,0,0,0,0,0,0,0,0,0,0,0,0,0,0,0,0,0,0,0,0,0,35BEE2AB
https://careerbuilder.vn/vi/tim-viec-lam/data-analyst-executive.35BDF721.html,data analyst executive,Công ty TNHH Olam Việt Nam - Chi Nhánh Long Bình,Đồng Nai,2023-12-08,2023-11-09,Cạnh tranh,Nhân viên chính thức,Nhân viên,,,,,5.0,10.0,năm,0,0,0,1,0,0,0,0,0,0,0,0,0,0,0,0,1,0,0,0,0,1,0,0,0,0,0,0,1,0,0,0,0,0,0,0,0,0,0,0,0,0,0,0,0,0,0,0,0,0,0,0,0,0,0,35BDF721
https://careerbuilder.vn/vi/tim-viec-lam/nhan-vien-data-analyst.35BEE496.html,nhân viên data analyst,Công Ty Cổ Phần Vacxin Việt Nam,Hồ Chí Minh,2023-11-26,2023-11-03,15 Tr - 20 Tr VND,Nhân viên chính thức,Nhân viên,,15.0,20.0,VND,1.0,2.0,năm,1,0,0,0,0,0,0,0,0,0,0,0,0,1,0,0,1,0,0,0,0,1,0,0,0,0,0,0,0,0,0,0,0,0,0,0,0,0,0,0,0,0,0,0,0,0,0,0,0,0,0,0,0,0,0,35BEE496
https://careerbuilder.vn/vi/tim-viec-lam/fresher-data-processing.35BE1D0D.html,fresher data processing,CÔNG TY CỔ PHẦN GONSA,Hồ Chí Minh,2023-11-26,2023-10-28,Cạnh tranh,Nhân viên chính thức,Nhân viên,,,,,,,,1,0,0,0,0,0,0,0,0,0,0,1,1,0,0,0,0,0,0,0,0,0,0,0,0,0,0,0,0,1,0,0,0,0,0,0,0,0,0,0,0,0,0,0,0,0,0,0,0,0,0,0,0,0,0,35BE1D0D
https://careerbuilder.vn/vi/tim-viec-lam/head-of-data-and-smart.35BEF887.html,head of data and smart,Indo Trans Logistics,Hồ Chí Minh,,2023-11-14,Cạnh tranh,Nhân viên chính thức,Quản lý,,,,,5.0,10.0,năm,1,0,0,0,0,0,0,0,0,0,0,1,0,0,0,0,0,1,1,0,0,0,0,0,0,0,0,0,0,0,0,0,0,0,0,0,0,0,0,0,0,0,0,0,0,0,0,0,0,0,0,0,0,0,0,35BEF887
https://careerbuilder.vn/vi/tim-viec-lam/network-intern-data-center.35BE5B2F.html,"network intern, data center",Công Ty Cổ Phần VNG,Hồ Chí Minh,2023-11-27,2023-11-03,3 Tr - 8 Tr VND,Thực tập,Sinh viên/ Thực tập sinh,,3.0,8.0,VND,,,,1,0,0,0,0,0,0,0,0,0,0,0,1,0,0,0,0,0,0,0,0,0,0,0,0,0,0,0,0,0,0,0,0,0,0,0,0,0,0,0,0,0,0,0,0,0,0,0,0,0,0,0,0,0,0,35BE5B2F
https://careerbuilder.vn/vi/tim-viec-lam/data-report-team-leader.35BEDBE7.html,data report team leader,Vietnam Concentrix Services Company Limited,Hồ Chí Minh,2023-11-30,2023-11-20,19 Tr - 23 Tr VND,Nhân viên chính thức,Trưởng nhóm / Giám sát,,19.0,23.0,VND,1.0,3.0,năm,1,0,0,0,0,0,0,0,0,0,0,1,0,0,1,0,0,0,0,0,0,0,0,0,0,0,0,1,0,0,0,0,0,0,0,0,0,0,0,0,0,0,0,0,0,0,0,0,0,0,0,0,0,0,0,35BEDBE7
https://careerbuilder.vn/vi/tim-viec-lam/senior-data-analyst.35BE0D20.html,senior data analyst,CÔNG TY CỔ PHẦN KINH DOANH F88,Hà Nội,2023-12-17,2023-11-18,22 Tr - 30 Tr VND,Nhân viên chính thức,Nhân viên,,22.0,30.0,VND,2.0,4.0,năm,0,1,0,0,0,0,0,0,0,0,0,1,0,0,0,0,0,0,0,0,0,0,0,0,0,0,0,0,0,0,0,0,0,0,0,0,0,0,0,0,0,0,0,0,0,0,0,0,0,0,0,0,0,0,0,35BE0D20
https://careerbuilder.vn/vi/tim-viec-lam/data-science-expert.35BDEE70.html,data science expert,Công Ty CP Vàng Bạc Đá Quý Phú Nhuận - PNJ,Hồ Chí Minh,2023-12-25,2023-11-03,Cạnh tranh,Nhân viên chính thức,Quản lý,,,,,5.0,8.0,năm,1,0,0,0,0,0,0,0,0,0,0,1,0,0,0,0,0,0,0,1,1,0,0,0,0,0,0,0,0,0,0,0,0,0,0,0,0,0,0,0,0,0,0,0,0,0,0,0,0,0,0,0,0,0,0,35BDEE70
https://careerbuilder.vn/vi/tim-viec-lam/ai-and-data-engineer.35BEDD61.html,ai and data engineer,"VĂN PHÒNG ĐẠI DIỆN GL SOFT CO.,LTD. TẠI THÀNH PHỐ HỒ CHÍ MINH",Hồ Chí Minh,2024-12-31,2023-11-07,800 - 1500 USD,Nhân viên chính thức,Nhân viên,Việc làm từ nhà,800.0,1500.0,USD,3.0,5.0,năm,1,0,0,0,0,0,0,0,0,0,0,1,0,0,0,0,0,0,0,0,0,0,0,0,0,0,0,0,0,0,0,0,0,0,0,0,0,0,0,0,0,0,0,0,0,0,0,0,0,0,0,0,0,0,0,35BEDD61
https://careerbuilder.vn/vi/tim-viec-lam/data-analyst-khoi-du-lieu.35BEE31B.html,data analyst - khối dữ liệu,Ngân Hàng TMCP Quân Đội,Hà Nội,2023-12-31,2023-11-16,Cạnh tranh,Nhân viên chính thức,Nhân viên,,,,,2.0,5.0,năm,0,1,0,0,0,0,0,0,0,0,0,1,0,1,0,0,0,0,0,0,0,1,0,0,0,0,0,0,0,0,0,0,0,0,0,0,0,0,0,0,0,0,0,0,0,0,0,0,0,0,0,0,0,0,0,35BEE31B
https://careerbuilder.vn/vi/tim-viec-lam/middle-senior-data-analyst.35BEF788.html,middle/senior data analyst,CÔNG TY CỔ PHẦN KINH DOANH F88,Hà Nội,2023-12-31,2023-11-20,20 Tr - 32 Tr VND,Nhân viên chính thức,Nhân viên,,20.0,32.0,VND,2.0,5.0,năm,0,1,0,0,0,0,0,0,0,0,0,1,0,0,0,0,0,0,0,0,0,0,0,0,0,0,0,0,0,0,0,0,0,0,0,0,0,0,0,0,0,0,0,0,0,0,0,0,0,0,0,0,0,0,0,35BEF788
https://careerbuilder.vn/vi/tim-viec-lam/workforce-management-data-analyst.35BED9B3.html,workforce management(data analyst),Vietnam Concentrix Services Company Limited,Hồ Chí Minh,2023-11-30,2023-11-06,16 Tr - 18 Tr VND,Nhân viên chính thức,Nhân viên,,16.0,18.0,VND,1.0,,năm,1,0,0,0,0,0,0,0,0,0,0,0,0,0,1,0,0,0,0,0,1,0,0,0,0,0,0,1,0,0,0,0,0,0,0,0,0,0,0,0,0,0,0,0,0,0,0,0,0,0,0,0,0,0,0,35BED9B3
https://careerbuilder.vn/vi/tim-viec-lam/head-of-intergrated-data-governance-department-ha-noi-ta003.35BDFB2B.html,head of intergrated data governance department - hà nội - ta003,Ngân Hàng TMCP Việt Nam Thịnh Vượng - VPBANK,Hà Nội,2023-12-09,2023-11-10,Cạnh tranh,Nhân viên chính thức,Quản lý,,,,,8.0,10.0,năm,0,1,0,0,0,0,0,0,0,0,0,1,1,1,0,0,0,0,0,0,0,0,0,0,0,0,0,0,0,0,0,0,0,0,0,0,0,0,0,0,0,0,0,0,0,0,0,0,0,0,0,0,0,0,0,35BDFB2B
https://careerbuilder.vn/vi/tim-viec-lam/data-intelligent-analyst-plant-coordinator-thuong-tin-ha-noi.35BDD972.html,"data intelligent analyst & plant coordinator - thường tín, hà nội",Coca-Cola,Hà Nội,2023-11-21,2023-10-22,Cạnh tranh,Thời vụ/ Nghề tự do,Nhân viên,,,,,1.0,10.0,năm,0,1,0,0,0,0,0,0,0,0,0,0,0,0,0,0,0,0,0,0,1,0,0,0,0,0,0,0,0,0,1,0,0,0,0,0,0,0,0,0,0,0,0,0,0,0,0,0,0,0,0,0,0,0,0,35BDD972
https://careerbuilder.vn/vi/tim-viec-lam/data-analyst-workforce-management-analyst-six-months-contract.35BE124E.html,data analyst/ workforce management analyst (six-months contract),CHI NHÁNH CÔNG TY TNHH TRANSCOSMOS VIỆT NAM TẠI THÀNH PHỐ HỒ CHÍ MINH,Hồ Chí Minh,2023-11-21,2023-10-28,Cạnh tranh,Nhân viên chính thức,Nhân viên,,,,,1.0,,đến1năm,1,0,0,0,0,0,0,0,0,0,0,1,0,0,0,0,0,0,0,0,0,0,0,0,0,0,0,1,0,0,0,1,0,0,0,0,0,0,0,0,0,0,0,0,0,0,0,0,0,0,0,0,0,0,0,35BE124E
https://careerbuilder.vn/vi/tim-viec-lam/nhan-vien-nhap-lieu-kho-warehouse-data-entry.35BEEEC3.html,nhân viên nhập liệu kho/ warehouse data entry,Techtronic Industries Vietnam (TTI),"Bình Dương, Hồ Chí Minh",2023-12-31,2023-11-08,Cạnh tranh,Nhân viên chính thức,Nhân viên,,,,,1.0,2.0,năm,1,0,0,0,1,0,0,0,0,0,0,0,0,0,0,0,0,1,0,0,0,0,0,0,0,0,0,0,0,0,0,0,1,1,0,0,0,0,0,0,0,0,0,0,0,0,0,0,0,0,0,0,0,0,0,35BEEEC3
https://careerbuilder.vn/vi/tim-viec-lam/data-analyst.35BEF341.html,data analyst,Công ty Cổ phần CANIFA,Hà Nội,2023-11-30,2023-11-17,10 Tr - 22 Tr VND,Nhân viên chính thức,Nhân viên,,10.0,22.0,VND,2.0,10.0,năm,0,1,0,0,0,0,0,0,0,0,0,1,0,0,0,0,1,0,0,0,0,1,0,0,0,0,0,0,0,0,0,0,0,0,0,0,0,0,0,0,0,0,0,0,0,0,0,0,0,0,0,0,0,0,0,35BEF341
https://careerbuilder.vn/vi/tim-viec-lam/data-science.35BEE456.html,data science,CÔNG TY TNHH THƯƠNG MẠI DỊCH VỤ ẨM THỰC ICOOL,Hồ Chí Minh,2023-11-30,2023-11-09,10 Tr - 13 Tr VND,Nhân viên chính thức,Nhân viên,,10.0,13.0,VND,1.0,3.0,năm,1,0,0,0,0,0,0,0,0,0,0,1,0,0,1,0,0,0,0,0,0,0,0,0,0,0,0,0,0,0,0,0,0,0,0,0,0,0,0,0,0,0,0,0,0,0,0,0,0,0,0,0,0,0,0,35BEE456
https://careerbuilder.vn/vi/tim-viec-lam/nhan-vien-sale-online-telesales-data-san.35BEE3C4.html,"nhân viên sale online, telesales - data sẵn",Bảo mật,Hà Nội,2023-12-31,2023-11-16,10 Tr - 15 Tr VND,Nhân viên chính thức,Nhân viên,,10.0,15.0,VND,,,nghiệm,0,1,0,0,0,0,0,0,0,0,0,0,0,0,0,0,0,0,0,0,0,0,0,0,0,0,0,1,0,0,0,0,0,1,1,0,0,0,0,0,0,0,0,0,0,0,0,0,0,0,0,0,0,0,0,35BEE3C4
https://careerbuilder.vn/vi/tim-viec-lam/data-partner-chuyen-vien-cao-cap-doi-tac-du-lieu-ha-noi-ta139.35BDDFA9.html,data partner – chuyên viên cao cấp đối tác dữ liệu - hà nội - ta139,Ngân Hàng TMCP Việt Nam Thịnh Vượng - VPBANK,Hà Nội,2023-11-25,2023-10-27,Cạnh tranh,Nhân viên chính thức,Trưởng nhóm / Giám sát,,,,,4.0,7.0,năm,0,1,0,0,0,0,0,0,0,0,0,1,0,1,0,0,0,1,0,0,0,0,0,0,0,0,0,0,0,0,0,0,0,0,0,0,0,0,0,0,0,0,0,0,0,0,0,0,0,0,0,0,0,0,0,35BDDFA9
https://careerbuilder.vn/vi/tim-viec-lam/data-partner-chuyen-vien-cao-cap-doi-tac-du-lieu-ha-noi-ta139.35BEEA0A.html,data partner – chuyên viên cao cấp đối tác dữ liệu - hà nội - ta139,Ngân Hàng TMCP Việt Nam Thịnh Vượng - VPBANK,Hà Nội,2023-11-30,2023-11-20,Cạnh tranh,Nhân viên chính thức,Trưởng nhóm / Giám sát,,,,,4.0,7.0,năm,0,1,0,0,0,0,0,0,0,0,0,1,0,1,0,0,0,1,0,0,0,0,0,0,0,0,0,0,0,0,0,0,0,0,0,0,0,0,0,0,0,0,0,0,0,0,0,0,0,0,0,0,0,0,0,35BEEA0A
https://careerbuilder.vn/vi/tim-viec-lam/data-scientist-trung-tam-cong-nghe-du-lieu-khoi-du-lieu.35BDB985.html,data scientist - trung tâm công nghệ dữ liệu - khối dữ liệu,Ngân Hàng TMCP Quân Đội,Hà Nội,2023-12-04,2023-11-05,Cạnh tranh,Nhân viên chính thức,Nhân viên,,,,,3.0,5.0,năm,0,1,0,0,0,0,0,0,0,0,0,1,0,1,0,0,0,0,0,0,0,1,0,0,0,0,0,0,0,0,0,0,0,0,0,0,0,0,0,0,0,0,0,0,0,0,0,0,0,0,0,0,0,0,0,35BDB985
https://careerbuilder.vn/vi/tim-viec-lam/data-scientist-trung-tam-cong-nghe-du-lieu-khoi-du-lieu.35BDFF15.html,data scientist - trung tâm công nghệ dữ liệu - khối dữ liệu,Ngân Hàng TMCP Quân Đội,Hà Nội,2023-12-10,2023-11-11,Cạnh tranh,Nhân viên chính thức,Nhân viên,,,,,3.0,5.0,năm,0,1,0,0,0,0,0,0,0,0,0,1,0,1,0,0,0,0,0,0,0,1,0,0,0,0,0,0,0,0,0,0,0,0,0,0,0,0,0,0,0,0,0,0,0,0,0,0,0,0,0,0,0,0,0,35BDFF15
https://careerbuilder.vn/vi/tim-viec-lam/chuyen-vien-chinh-chuyen-vien-cao-cap-quan-tri-du-lieu-data-governance.35BEECEE.html,chuyên viên chính/chuyên viên cao cấp quản trị dữ liệu (data governance),Ngân Hàng TMCP Tiên Phong (TPBank),Hà Nội,2023-12-14,2023-11-14,Cạnh tranh,Thời vụ/ Nghề tự do,Nhân viên,,,,,2.0,5.0,năm,0,1,0,0,0,0,0,0,0,0,0,1,0,1,0,0,1,0,0,0,0,0,0,0,0,0,0,0,0,0,0,0,0,0,0,0,0,0,0,0,0,0,0,0,0,0,0,0,0,0,0,0,0,0,0,35BEECEE
https://careerbuilder.vn/vi/tim-viec-lam/chuyen-vien-chinh-chuyen-vien-cao-cap-quan-tri-du-lieu-data-governance.35BDEA0B.html,chuyên viên chính/chuyên viên cao cấp quản trị dữ liệu (data governance),Ngân Hàng TMCP Tiên Phong (TPBank),Hà Nội,2023-12-01,2023-11-02,Cạnh tranh,Thời vụ/ Nghề tự do,Nhân viên,,,,,2.0,5.0,năm,0,1,0,0,0,0,0,0,0,0,0,1,0,1,0,0,1,0,0,0,0,0,0,0,0,0,0,0,0,0,0,0,0,0,0,0,0,0,0,0,0,0,0,0,0,0,0,0,0,0,0,0,0,0,0,35BDEA0B
https://careerbuilder.vn/vi/tim-viec-lam/hr-data-analyst-specialist.35BEE606.html,hr data analyst specialist,CÔNG TY CỔ PHẦN GONSA,Hồ Chí Minh,2023-12-03,2023-11-04,Cạnh tranh,Nhân viên chính thức,Trưởng nhóm / Giám sát,,,,,2.0,3.0,năm,1,0,0,0,0,0,0,0,0,0,0,1,0,0,0,0,0,0,0,0,1,0,0,0,0,1,0,0,0,0,0,0,0,0,0,0,0,0,0,0,0,0,0,0,0,0,0,0,0,0,0,0,0,0,0,35BEE606
https://careerbuilder.vn/vi/tim-viec-lam/data-engineer-expert.35BDB3F8.html,data engineer expert,Công ty Tài Chính Cổ Phần Tín Việt,Hồ Chí Minh,2023-11-29,2023-10-31,Cạnh tranh,Nhân viên chính thức,Quản lý,,,,,5.0,7.0,năm,1,0,0,0,0,0,0,0,0,0,0,1,0,0,0,0,0,0,0,0,0,0,0,0,0,0,0,0,0,0,0,0,0,0,0,0,0,0,0,0,0,0,0,0,0,0,0,0,0,0,0,0,0,0,0,35BDB3F8
https://careerbuilder.vn/vi/tim-viec-lam/hn-chuyen-vien-phan-tich-du-lieu-data-analyst.35BE1F06.html,[hn] chuyên viên phân tích dữ liệu (data analyst),Công ty Cổ phần tập đoàn Vinatech Việt Nam,Hà Nội,2023-11-30,2023-11-02,15 Tr - 30 Tr VND,Nhân viên chính thức,Nhân viên,,15.0,30.0,VND,2.0,3.0,năm,0,1,0,0,0,0,0,0,0,0,0,0,0,0,0,0,1,0,0,0,0,1,0,0,0,0,0,0,0,0,0,0,0,0,0,0,0,0,0,0,0,0,0,0,0,0,0,0,0,0,0,0,0,0,0,35BE1F06
https://careerbuilder.vn/vi/tim-viec-lam/master-data-management-specialist-asia.35BEF1BE.html,master data management specialist asia,De Heus LLC,Hồ Chí Minh,2023-12-31,2023-11-16,Cạnh tranh,Nhân viên chính thức,Nhân viên,,,,,3.0,7.0,năm,1,0,0,0,0,0,0,0,0,0,0,1,1,0,0,0,0,0,0,0,0,0,0,0,0,0,0,0,0,0,0,0,0,0,0,0,0,0,0,0,0,0,0,0,0,0,0,0,0,0,0,0,0,0,0,35BEF1BE
https://careerbuilder.vn/vi/tim-viec-lam/data-engineer-khoi-du-lieu.35BEFF75.html,data engineer - khối dữ liệu,Ngân Hàng TMCP Quân Đội,Hà Nội,2023-12-31,2023-11-17,Cạnh tranh,Nhân viên chính thức,Nhân viên,,,,,1.0,,năm,0,1,0,0,0,0,0,0,0,0,0,1,0,1,0,0,0,0,0,0,0,0,0,0,0,0,0,0,0,0,0,0,0,0,0,0,0,0,0,0,0,0,0,0,0,0,0,0,0,0,0,0,0,0,0,35BEFF75
https://careerbuilder.vn/vi/tim-viec-lam/data-support-fluent-in-english.35BF01CA.html,data support (fluent in english),"Ambitionplus Custom Solutions .,ltd",Hồ Chí Minh,2023-12-31,2023-11-20,10 Tr - 15 Tr VND,Nhân viên chính thức,Nhân viên,,10.0,15.0,VND,,,,1,0,0,0,0,0,0,0,0,0,0,1,0,0,1,0,0,0,0,0,0,0,0,0,0,0,0,1,0,0,0,0,0,0,0,0,0,0,0,0,0,0,0,0,0,0,0,0,0,0,0,0,0,0,0,35BF01CA
https://careerbuilder.vn/vi/tim-viec-lam/r-d-data-analyst-chuyen-vien-du-lieu-r-d.35BF00BC.html,r&d data analyst – chuyên viên dữ liệu r&d,CÔNG TY CỔ PHẦN MAYCHA,Hồ Chí Minh,2023-12-17,2023-11-17,10 Tr - 15 Tr VND,Nhân viên chính thức,Nhân viên,,10.0,15.0,VND,2.0,,năm,1,0,0,0,0,0,0,0,0,0,0,0,0,0,0,0,0,0,0,0,0,1,0,0,0,1,0,0,0,0,1,0,0,0,0,0,0,0,0,0,0,0,0,0,0,0,0,0,0,0,0,0,0,0,0,35BF00BC
https://careerbuilder.vn/vi/tim-viec-lam/thuc-tap-sinh-quan-ly-du-an-data-ha-noi-ta139.35BEEE78.html,thực tập sinh quản lý dự án data - hà nội - ta139,Ngân Hàng TMCP Việt Nam Thịnh Vượng - VPBANK,Hà Nội,2023-11-30,2023-11-15,Cạnh tranh,Thực tập,Sinh viên/ Thực tập sinh,,,,,,,,0,1,0,0,0,0,0,0,0,0,0,1,0,1,0,0,0,0,0,0,0,0,0,0,0,0,0,0,0,0,1,0,0,0,0,0,0,0,0,0,0,0,0,0,0,0,0,0,0,0,0,0,0,0,0,35BEEE78
https://careerbuilder.vn/vi/tim-viec-lam/chuyen-vien-cvcc-mo-hinh-kinh-doanh-data-scientist-khoi-du-lieu.35BDCD0F.html,chuyên viên/cvcc mô hình kinh doanh (data scientist) - khối dữ liệu,Ngân Hàng TMCP Quân Đội,Hà Nội,2023-12-14,2023-11-15,Cạnh tranh,Nhân viên chính thức,Nhân viên,,,,,1.0,,năm,0,1,0,0,0,0,0,0,0,0,0,1,0,1,0,0,0,0,0,0,0,0,0,0,0,0,0,0,0,0,0,0,0,0,0,0,0,0,0,0,0,0,0,0,0,0,0,0,0,0,0,0,0,0,0,35BDCD0F
https://careerbuilder.vn/vi/tim-viec-lam/chuyen-vien-cvcc-mo-hinh-kinh-doanh-data-scientist-khoi-du-lieu.35BEE567.html,chuyên viên/cvcc mô hình kinh doanh (data scientist) - khối dữ liệu,Ngân Hàng TMCP Quân Đội,Hà Nội,2023-12-31,2023-11-17,Cạnh tranh,Nhân viên chính thức,Nhân viên,,,,,1.0,,năm,0,1,0,0,0,0,0,0,0,0,0,1,0,1,0,0,0,0,0,0,0,0,0,0,0,0,0,0,0,0,0,0,0,0,0,0,0,0,0,0,0,0,0,0,0,0,0,0,0,0,0,0,0,0,0,35BEE567
https://careerbuilder.vn/vi/tim-viec-lam/strategy-specialist-cold-drink-background-in-finance-planning-data-analytics-are-preferred.35BEEE2A.html,"strategy specialist - cold drink (background in finance, planning, data analytics are preferred)",Coca-Cola,Hồ Chí Minh,2023-12-08,2023-11-08,Cạnh tranh,Nhân viên chính thức,Nhân viên,,,,,1.0,10.0,năm,1,0,0,0,0,0,0,0,0,0,0,0,0,0,0,0,0,0,0,0,1,1,0,0,0,0,1,0,0,0,0,0,0,0,0,0,0,0,0,0,0,0,0,0,0,0,0,0,0,0,0,0,0,0,0,35BEEE2A
https://careerbuilder.vn/vi/tim-viec-lam/data-analyst-18tr-28tr.35BEE5EE.html,data analyst (18tr - 28tr),Công ty TNHH Thiên Thủy Mộc,Hồ Chí Minh,2023-11-30,2023-11-10,18 Tr - 30 Tr VND,Nhân viên chính thức,Nhân viên,,18.0,30.0,VND,2.0,5.0,năm,1,0,0,0,0,0,0,0,0,0,0,0,0,0,0,0,0,0,0,0,0,0,1,1,0,0,0,0,0,0,0,0,0,0,0,0,0,0,0,0,0,0,0,0,0,0,0,0,0,0,0,0,0,0,0,35BEE5EE
https://careerbuilder.vn/vi/tim-viec-lam/chuyen-vien-cao-cap-chuyen-gia-quan-tri-du-lieu-senior-expert-data-governance-ha-noi-ta083.35BDB1E7.html,chuyên viên cao cấp/ chuyên gia quản trị dữ liệu (senior/expert data governance) - hà nội - ta083,Ngân Hàng TMCP Việt Nam Thịnh Vượng - VPBANK,Hà Nội,2023-11-28,2023-10-30,Cạnh tranh,Nhân viên chính thức,Nhân viên,,,,,3.0,5.0,năm,0,1,0,0,0,0,0,0,0,0,0,1,0,1,0,0,0,0,0,0,0,1,0,0,0,0,0,0,0,0,0,0,0,0,0,0,0,0,0,0,0,0,0,0,0,0,0,0,0,0,0,0,0,0,0,35BDB1E7
https://careerbuilder.vn/vi/tim-viec-lam/nhan-vien-tu-van-theo-data-cong-ty-thu-nhap-10-20-trieu-nghi-t7-cn.35BE0C5B.html,"nhân viên tư vấn theo data công ty, thu nhập 10-20 triệu, nghỉ t7, cn",CÔNG TY TNHH GIÁO DỤC QUỐC TẾ THALICEDU,Hà Nội,2023-12-17,2023-11-18,10 Tr - 20 Tr VND,Nhân viên chính thức,Nhân viên,,10.0,20.0,VND,,,,0,1,0,0,0,0,0,0,0,0,0,0,0,0,0,0,0,0,0,0,0,0,1,0,0,0,0,0,0,0,0,0,0,0,1,1,0,0,0,0,0,0,0,0,0,0,0,0,0,0,0,0,0,0,0,35BE0C5B
https://careerbuilder.vn/vi/tim-viec-lam/chuyen-vien-quan-tri-mo-hinh-du-lieu-data-modeling.35BDEEE3.html,chuyên viên - quản trị mô hình dữ liệu (data modeling),Công Ty CP Vàng Bạc Đá Quý Phú Nhuận - PNJ,Hồ Chí Minh,2023-12-03,2023-11-04,Cạnh tranh,Nhân viên chính thức,Nhân viên,,,,,2.0,4.0,năm,1,0,0,0,0,0,0,0,0,0,0,1,0,0,0,0,0,0,0,0,1,0,0,0,0,0,0,0,0,0,0,0,0,0,0,0,0,0,0,0,0,0,0,0,0,0,0,0,0,0,0,0,0,0,0,35BDEEE3
https://careerbuilder.vn/vi/tim-viec-lam/chuyen-vien-quan-tri-mo-hinh-du-lieu-data-modeling.35BEFF73.html,chuyên viên - quản trị mô hình dữ liệu (data modeling),Công Ty CP Vàng Bạc Đá Quý Phú Nhuận - PNJ,Hồ Chí Minh,2023-12-25,2023-11-17,Cạnh tranh,Nhân viên chính thức,Nhân viên,,,,,2.0,4.0,năm,1,0,0,0,0,0,0,0,0,0,0,1,0,0,0,0,0,0,0,0,1,0,0,0,0,0,0,0,0,0,0,0,0,0,0,0,0,0,0,0,0,0,0,0,0,0,0,0,0,0,0,0,0,0,0,35BEFF73
https://careerbuilder.vn/vi/tim-viec-lam/chuyen-vien-phan-tich-du-lieu-data-analyst.35BE156C.html,chuyên viên phân tích dữ liệu (data analyst),Công ty Cổ phần CANIFA,Hà Nội,,2023-10-23,11 Tr - 23 Tr VND,Nhân viên chính thức,Nhân viên,,11.0,23.0,VND,2.0,10.0,năm,0,1,0,0,0,0,0,0,0,0,0,1,0,0,0,0,0,0,0,0,1,1,0,0,0,0,0,0,0,0,0,0,0,0,0,0,0,0,0,0,0,0,0,0,0,0,0,0,0,0,0,0,0,0,0,35BE156C
https://careerbuilder.vn/vi/tim-viec-lam/ky-su-du-lieu-data-engineer-ban-du-an.35BDED2A.html,kỹ sư dữ liệu (data engineer) - ban dự án,Ngân Hàng TMCP Quân Đội,Hà Nội,2023-12-02,2023-11-03,Cạnh tranh,Nhân viên chính thức,Nhân viên,,,,,3.0,10.0,năm,0,1,0,0,0,0,0,0,0,0,0,1,1,1,0,0,0,0,0,0,0,0,0,0,0,0,0,0,0,0,0,0,0,0,0,0,0,0,0,0,0,0,0,0,0,0,0,0,0,0,0,0,0,0,0,35BDED2A
https://careerbuilder.vn/vi/tim-viec-lam/ky-su-du-lieu-data-engineer-ban-du-an.35BDC9EB.html,kỹ sư dữ liệu (data engineer) - ban dự án,Ngân Hàng TMCP Quân Đội,Hà Nội,2023-12-12,2023-11-13,Cạnh tranh,Nhân viên chính thức,Nhân viên,,,,,3.0,10.0,năm,0,1,0,0,0,0,0,0,0,0,0,1,1,1,0,0,0,0,0,0,0,0,0,0,0,0,0,0,0,0,0,0,0,0,0,0,0,0,0,0,0,0,0,0,0,0,0,0,0,0,0,0,0,0,0,35BDC9EB
https://careerbuilder.vn/vi/tim-viec-lam/chuyen-vien-cao-cap-data-architect-khoi-du-lieu.35BDEB5D.html,chuyên viên cao cấp (data architect) - khối dữ liệu,Ngân Hàng TMCP Quân Đội,Hà Nội,2023-12-01,2023-11-02,Cạnh tranh,Nhân viên chính thức,Nhân viên,,,,,3.0,5.0,năm,0,1,0,0,0,0,0,0,0,0,0,1,0,1,0,0,0,0,0,0,1,0,0,0,0,0,0,0,0,0,0,0,0,0,0,0,0,0,0,0,0,0,0,0,0,0,0,0,0,0,0,0,0,0,0,35BDEB5D
https://careerbuilder.vn/vi/tim-viec-lam/data-scientist-senior-expert-ha-noi-ta139.35BDDF99.html,data scientist senior/expert - hà nội - ta139,Ngân Hàng TMCP Việt Nam Thịnh Vượng - VPBANK,Hà Nội,2023-11-25,2023-10-27,Cạnh tranh,Nhân viên chính thức,Nhân viên,,,,,2.0,5.0,năm,0,1,0,0,0,0,0,0,0,0,0,1,0,1,0,1,0,0,0,0,0,0,0,0,0,0,0,0,0,0,0,0,0,0,0,0,0,0,0,0,0,0,0,0,0,0,0,0,0,0,0,0,0,0,0,35BDDF99
https://careerbuilder.vn/vi/tim-viec-lam/data-scientist-senior-expert-ha-noi-ta139.35BEE3B6.html,data scientist senior/expert - hà nội - ta139,Ngân Hàng TMCP Việt Nam Thịnh Vượng - VPBANK,Hà Nội,2023-12-02,2023-11-16,Cạnh tranh,Nhân viên chính thức,Nhân viên,,,,,2.0,5.0,năm,0,1,0,0,0,0,0,0,0,0,0,1,0,1,0,1,0,0,0,0,0,0,0,0,0,0,0,0,0,0,0,0,0,0,0,0,0,0,0,0,0,0,0,0,0,0,0,0,0,0,0,0,0,0,0,35BEE3B6
https://careerbuilder.vn/vi/tim-viec-lam/production-planner-data-analyst-open-for-6-month-internship-contract.35BF02EC.html,production planner/data analyst (open for 6-month internship contract),"Avery Dennison RIS Vietnam Co., Ltd.",Hồ Chí Minh,2023-12-04,2023-11-20,Cạnh tranh,Nhân viên chính thức,Mới tốt nghiệp,,,,,,,,1,0,0,0,0,0,0,0,0,0,0,0,0,0,0,0,0,0,1,0,0,0,0,0,0,0,0,0,1,0,0,0,1,0,0,0,0,0,0,0,0,0,0,0,0,0,0,0,0,0,0,0,0,0,0,35BF02EC
https://careerbuilder.vn/vi/tim-viec-lam/chuyen-gia-khoa-hoc-du-lieu-ngan-hang-so-digital-data-science.35BEDD58.html,chuyên gia khoa học dữ liệu ngân hàng số - digital data science,Ngân Hàng TMCP Quốc Tế Việt Nam,Hồ Chí Minh,2023-11-30,2023-11-14,Cạnh tranh,Nhân viên chính thức,Nhân viên,,,,,5.0,7.0,năm,1,0,0,0,0,0,0,0,0,0,0,1,0,1,0,0,0,0,0,0,0,0,0,0,0,0,0,0,0,0,0,0,0,0,0,0,0,0,0,0,0,0,0,0,0,0,0,0,0,0,0,0,0,0,0,35BEDD58
https://careerbuilder.vn/vi/tim-viec-lam/chuyen-vien-chuyen-vien-cao-cap-an-toan-du-lieu-data-security.35BEDD28.html,chuyên viên/chuyên viên cao cấp an toàn dữ liệu (data security),Ngân hàng TMCP Đại Chúng Việt Nam - PVcomBank,Hà Nội,2023-11-30,2023-11-14,nan,,,,,,nan,,,,0,1,0,0,0,0,0,0,0,0,0,0,0,0,0,0,0,0,0,0,0,0,0,0,0,0,0,0,0,0,0,0,0,0,0,0,0,0,0,0,0,0,0,0,0,0,0,0,0,0,0,0,0,0,0,35BEDD28
https://careerbuilder.vn/vi/tim-viec-lam/rewards-data-analysis.35BE14BD.html,rewards & data analysis,Hanwha Life Insurance Company Limited (Vietnam),Hồ Chí Minh,,2023-11-06,Cạnh tranh,Nhân viên chính thức,Nhân viên,,,,,5.0,7.0,năm,1,0,0,0,0,0,0,0,0,0,0,0,0,0,0,0,0,0,0,1,0,0,0,0,0,1,0,0,0,0,0,0,0,0,0,0,1,0,0,0,0,0,0,0,0,0,0,0,0,0,0,0,0,0,0,35BE14BD
https://careerbuilder.vn/vi/tim-viec-lam/logistic-staff-data-entry.35BDFF05.html,logistic staff (data entry),Công ty TNHH Olam Việt Nam,Đồng Nai,2023-12-10,2023-11-11,Cạnh tranh,Nhân viên chính thức,Nhân viên,,,,,1.0,,năm,0,0,0,1,0,0,0,0,0,0,0,0,0,0,0,0,0,0,1,0,0,0,0,0,0,0,0,0,0,0,0,0,1,0,0,0,0,0,0,0,0,0,0,0,0,0,0,0,0,0,0,0,0,0,0,35BDFF05
https://careerbuilder.vn/vi/tim-viec-lam/data-inventory-supervisor-giam-sat-du-lieu-he-thong-quan-ly-hang-ton-kho-icd-tan-cang-song-than.35BEF0C8.html,data & inventory supervisor/ giám sát dữ liệu hệ thống & quản lý hàng tồn kho ( icd tân cảng sóng thần),DHL Supply Chain (Việt Nam) Ltd,Bình Dương,2023-11-30,2023-11-09,Trên15 Tr VND,Nhân viên chính thức,Trưởng nhóm / Giám sát,,15.0,,VND,2.0,5.0,năm,0,0,0,0,1,0,0,0,0,0,0,0,0,0,0,0,0,0,0,0,0,0,0,0,0,0,0,0,0,0,0,0,1,0,0,0,0,0,0,0,0,0,0,0,0,0,0,0,0,0,0,0,0,0,0,35BEF0C8
https://careerbuilder.vn/vi/tim-viec-lam/ha-noi-chuyen-vien-chien-luoc-va-quan-tri-du-lieu-rui-ro-strategic-risk-data-management-officer.35BEF23F.html,[hà nội] - chuyên viên chiến lược và quản trị dữ liệu rủi ro/strategic & risk data management officer,LOTTE FINANCE VIETNAM,Hà Nội,2023-11-30,2023-11-17,Cạnh tranh,Nhân viên chính thức,Nhân viên,,,,,1.0,5.0,năm,0,1,0,0,0,0,0,0,0,0,0,0,0,1,0,0,1,0,0,0,0,0,0,0,0,0,0,0,0,0,0,0,0,0,0,0,0,0,0,0,0,0,0,0,0,0,0,0,0,0,0,0,0,0,0,35BEF23F
https://careerbuilder.vn/vi/tim-viec-lam/nhan-vien-nhap-du-lieu-data-entry-clerk-kho-21-icd-tan-cang-song-than-binh-duong.35BEE7FC.html,nhân viên nhập dữ liệu/ data entry clerk (kho 21- icd tân cảng sóng thần - bình dương),DHL Supply Chain (Việt Nam) Ltd,Bình Dương,2023-11-30,2023-11-06,Cạnh tranh,Nhân viên chính thức,Nhân viên,,,,,1.0,2.0,năm,0,0,0,0,1,0,0,0,0,0,0,0,0,0,0,0,0,0,0,0,0,1,0,0,0,0,0,0,0,0,1,0,1,0,0,0,0,0,0,0,0,0,0,0,0,0,0,0,0,0,0,0,0,0,0,35BEE7FC
https://careerbuilder.vn/vi/tim-viec-lam/business-consulting-intern-thuc-tap-sinh-tu-van-doanh-nghiep.35BEF378.html,business consulting intern / thực tập sinh tư vấn doanh nghiệp,Công ty TNHH Giải pháp Data V Tech,Hồ Chí Minh,2023-12-10,2023-11-17,Cạnh tranh,Thực tập,Sinh viên/ Thực tập sinh,,,,,,,,1,0,0,0,0,0,0,0,0,0,0,1,0,0,0,0,0,0,0,0,0,1,0,0,0,0,0,0,0,0,0,0,0,0,0,0,0,0,0,0,0,0,0,0,0,0,0,0,0,0,0,0,0,0,0,35BEF378
https://careerbuilder.vn/vi/tim-viec-lam/ky-su-kiem-tra-chat-luong-tester.35BEE67B.html,kỹ sư kiểm tra chất lượng (tester),Công ty TNHH Greystones Data System Việt Nam,Hồ Chí Minh,2023-12-03,2023-11-03,8.5 Tr - 15 Tr VND,Nhân viên chính thức,Nhân viên,,8.5,15.0,VND,,,,1,0,0,0,0,0,0,0,0,0,0,0,1,0,0,0,0,0,0,0,0,0,0,0,0,0,0,0,0,0,0,0,0,1,0,0,0,0,0,0,0,0,0,0,0,0,0,0,0,0,0,0,0,0,0,35BEE67B
https://careerbuilder.vn/vi/tim-viec-lam/ky-su-thiet-ke-co-khi.35BEF298.html,kỹ sư thiết kế cơ khí,Công ty TNHH Greystone Data Systems Việt Nam,Hồ Chí Minh,2023-12-10,2023-11-10,10 Tr - 15 Tr VND,Nhân viên chính thức,Nhân viên,,10.0,15.0,VND,1.0,2.0,năm,1,0,0,0,0,0,0,0,0,0,0,0,0,0,0,0,0,0,0,0,0,0,0,0,0,0,0,0,0,0,0,0,0,0,0,0,0,0,1,0,0,0,0,0,0,0,0,0,0,0,0,0,0,0,0,35BEF298
https://careerbuilder.vn/vi/tim-viec-lam/machine-learning-engineer.35BEE7E4.html,machine learning engineer,Công ty TNHH Greystone Data Systems Việt Nam,Hồ Chí Minh,2023-12-06,2023-11-13,10 Tr - 25 Tr VND,Nhân viên chính thức,Nhân viên,,10.0,25.0,VND,1.0,2.0,năm,1,0,0,0,0,0,0,0,0,0,0,1,0,0,0,0,0,0,0,0,0,0,0,0,0,0,0,0,0,0,0,0,0,1,0,0,0,0,1,0,0,0,0,0,0,0,0,0,0,0,0,0,0,0,0,35BEE7E4
https://careerbuilder.vn/vi/tim-viec-lam/head-of-customer-360-department-ha-noi-ta003.35BDFB33.html,head of customer 360 department - hà nội - ta003,Ngân Hàng TMCP Việt Nam Thịnh Vượng - VPBANK,Hà Nội,2023-12-09,2023-11-10,Cạnh tranh,Nhân viên chính thức,Quản lý,,,,,8.0,10.0,năm,0,1,0,0,0,0,0,0,0,0,0,1,1,1,0,0,0,0,0,0,0,0,0,0,0,0,0,0,0,0,0,0,0,0,0,0,0,0,0,0,0,0,0,0,0,0,0,0,0,0,0,0,0,0,0,35BDFB33
https://careerbuilder.vn/vi/tim-viec-lam/head-of-intergrated-ai-department-ha-noi-ta003.35BDFC0E.html,head of intergrated ai department - hà nội - ta003,Ngân Hàng TMCP Việt Nam Thịnh Vượng - VPBANK,Hà Nội,2023-12-09,2023-11-10,Cạnh tranh,Nhân viên chính thức,Quản lý,,,,,8.0,10.0,năm,0,1,0,0,0,0,0,0,0,0,0,1,1,1,0,0,0,0,0,0,0,0,0,0,0,0,0,0,0,0,0,0,0,0,0,0,0,0,0,0,0,0,0,0,0,0,0,0,0,0,0,0,0,0,0,35BDFC0E
https://careerbuilder.vn/vi/tim-viec-lam/financial-analyst.35BEDDC7.html,financial analyst,Công Ty Tài Chính Mirae Asset (Việt Nam),Hồ Chí Minh,2023-12-31,2023-10-31,Cạnh tranh,Nhân viên chính thức,Nhân viên,,,,,1.0,3.0,năm,1,0,0,0,0,0,0,0,0,0,0,0,0,1,0,0,1,0,0,0,0,0,0,0,0,0,0,0,0,0,0,0,0,0,0,0,1,0,0,0,0,0,0,0,0,0,0,0,0,0,0,0,0,0,0,35BEDDC7
https://careerbuilder.vn/vi/tim-viec-lam/team-leader-growth-utilities.35BEF8CA.html,"team leader - growth, utilities",Công ty Cổ phần Dịch vụ Di Động Trực tuyến (Ví MoMo),Hồ Chí Minh,2023-12-15,2023-11-14,Cạnh tranh,Nhân viên chính thức,Trưởng nhóm / Giám sát,,,,,5.0,10.0,năm,1,0,0,0,0,0,0,0,0,0,0,0,0,0,0,0,0,0,0,0,0,0,1,1,0,0,0,0,0,0,0,1,0,0,0,0,0,0,0,0,0,0,0,0,0,0,0,0,0,0,0,0,0,0,0,35BEF8CA
https://careerbuilder.vn/vi/tim-viec-lam/it-ky-su-du-lieu-bo-phan-thiet-ke-dien-dien-tu-nam-tu-liem-ha-noi-15-50-trieu.35BDEDA5.html,"[it]  kỹ sư dữ liệu ( bộ phận thiết kế điện – điện tử) nam từ liêm, hà nội (15-50 triệu)",Công Ty TNHH OS POWER Việt Nam,Hà Nội,2023-12-02,2023-11-03,15 Tr - 50 Tr VND,Nhân viên chính thức,Nhân viên,,15.0,50.0,VND,3.0,4.0,năm,0,1,0,0,0,0,0,0,0,0,0,1,0,0,0,0,0,0,0,0,0,0,0,0,0,0,0,0,0,0,0,0,0,0,0,0,0,0,0,0,0,0,0,0,0,0,0,0,0,0,0,0,0,0,0,35BDEDA5
https://careerbuilder.vn/vi/tim-viec-lam/senior-business-intelligence-analyst.35BE2B00.html,senior business intelligence analyst,Công ty Cổ phần Thời Trang YODY,"Hà Nội, Đà Nẵng, Hải Dương",2023-11-30,2023-11-16,Cạnh tranh,Nhân viên chính thức,Nhân viên,,,,,1.0,7.0,năm,0,1,1,0,0,1,0,0,0,0,0,1,0,0,0,0,0,0,0,0,0,0,0,0,0,0,1,0,0,0,0,0,0,0,0,0,0,0,0,0,0,0,0,0,0,0,0,0,0,0,0,0,0,0,0,35BE2B00
https://careerbuilder.vn/vi/tim-viec-lam/head-of-iso-compliance-legal.35BDA55B.html,head of iso compliance & legal,DIGI-TEXX VIETNAM,Hồ Chí Minh,2023-11-21,2023-10-23,Cạnh tranh,Nhân viên chính thức,Giám đốc,,,,,4.0,5.0,năm,1,0,0,0,0,0,0,0,0,0,0,0,0,0,0,0,0,1,0,0,0,0,0,0,1,0,0,0,0,0,0,0,0,0,0,0,0,0,0,0,0,0,0,0,0,0,0,0,0,0,0,0,0,0,0,35BDA55B
https://careerbuilder.vn/vi/tim-viec-lam/kien-truc-du-lieu.35BDDD86.html,kiến trúc dữ liệu,Ngân Hàng TMCP Sài Gòn - Hà Nội ( SHB ),Hà Nội,2023-11-24,2023-10-26,Cạnh tranh,Nhân viên chính thức,Nhân viên,,,,,4.0,,năm,0,1,0,0,0,0,0,0,0,0,0,1,1,0,0,0,0,0,0,0,0,0,0,0,0,0,0,0,0,0,0,0,0,0,0,0,0,0,0,0,0,0,0,0,0,0,0,0,0,0,0,0,0,0,0,35BDDD86
https://careerbuilder.vn/vi/tim-viec-lam/business-intelligence-analyst.35BE5885.html,business intelligence analyst,DatvietVAC Group Holdings,Hồ Chí Minh,2023-12-31,2023-11-19,Cạnh tranh,Nhân viên chính thức,Nhân viên,,,,,2.0,5.0,năm,1,0,0,0,0,0,0,0,0,0,0,1,0,0,0,0,0,0,0,0,0,0,0,0,0,0,0,0,0,0,0,0,0,0,0,0,0,0,0,0,0,0,0,0,0,0,0,0,0,0,0,0,0,0,0,35BE5885
https://careerbuilder.vn/vi/tim-viec-lam/senior-supply-chain-analyst.35BEE24E.html,senior/ supply chain analyst,Yes4All Trading Services Company Limited,Hồ Chí Minh,2023-11-30,2023-11-16,Cạnh tranh,Nhân viên chính thức,Nhân viên,,,,,1.0,5.0,năm,1,0,0,0,0,0,0,0,0,0,0,1,0,0,0,0,0,0,0,0,1,0,0,0,0,0,1,0,0,0,0,0,0,0,0,0,0,0,0,0,0,0,0,0,0,0,0,0,0,0,0,0,0,0,0,35BEE24E
https://careerbuilder.vn/vi/tim-viec-lam/business-intelligence-assistant-manager.35BEE129.html,business intelligence assistant manager,Starbucks Vietnam,Hồ Chí Minh,2023-11-30,2023-11-15,Cạnh tranh,Nhân viên chính thức,Nhân viên,,,,,2.0,3.0,năm,1,0,0,0,0,0,0,0,0,0,0,1,1,0,0,0,0,0,0,0,0,0,0,0,0,0,0,0,0,0,0,0,0,0,1,0,0,0,0,0,0,0,0,0,0,0,0,0,0,0,0,0,0,0,0,35BEE129
https://careerbuilder.vn/vi/tim-viec-lam/business-intelligence-assistant-manager.35BEEFBD.html,business intelligence assistant manager,Starbucks Vietnam,Hồ Chí Minh,2023-12-08,2023-11-15,Cạnh tranh,Nhân viên chính thức,Nhân viên,,,,,2.0,3.0,năm,1,0,0,0,0,0,0,0,0,0,0,1,1,0,0,0,0,0,0,0,0,0,0,0,0,0,0,0,0,0,0,0,0,0,1,0,0,0,0,0,0,0,0,0,0,0,0,0,0,0,0,0,0,0,0,35BEEFBD
https://careerbuilder.vn/vi/tim-viec-lam/chuyen-gia-nen-tang-du-lieu-phan-tich-msb-df-dxa-1m411.35BEEC7C.html,chuyên gia nền tảng dữ liệu phân tích - msb df - dxa - 1m411,Ngân hàng Thương mại Cổ phần Hàng Hải Việt Nam (MSB),Hà Nội,2023-12-30,2023-11-14,45 Tr - 55 Tr VND,Nhân viên chính thức,Trưởng nhóm / Giám sát,,45.0,55.0,VND,4.0,5.0,năm,0,1,0,0,0,0,0,0,0,0,0,1,1,0,0,0,0,0,0,0,0,0,0,0,0,0,0,0,0,0,0,0,0,0,0,0,0,0,0,0,0,0,0,0,0,0,0,0,0,0,0,0,0,0,0,35BEEC7C
https://careerbuilder.vn/vi/tim-viec-lam/sales-planning-and-performance-analyst.35BE0867.html,sales planning and performance analyst,Yes4All Trading Services Company Limited,Hồ Chí Minh,2023-12-15,2023-11-16,Cạnh tranh,Nhân viên chính thức,Nhân viên,,,,,1.0,2.0,năm,1,0,0,0,0,0,0,0,0,0,0,1,0,0,0,0,0,0,0,0,0,0,1,1,0,0,0,0,0,0,0,0,0,0,0,0,0,0,0,0,0,0,0,0,0,0,0,0,0,0,0,0,0,0,0,35BE0867
https://careerbuilder.vn/vi/tim-viec-lam/chuyen-gia-khoa-hoc-du-lieu-msb-df-dxa-1m412.35BEFD91.html,chuyên gia khoa học dữ liệu - msb df - dxa - 1m412,Ngân hàng Thương mại Cổ phần Hàng Hải Việt Nam (MSB),Hà Nội,2023-12-30,2023-11-16,Lên đến60 Tr VND,Nhân viên chính thức,Nhân viên,,,60.0,VND,2.0,3.0,năm,0,1,0,0,0,0,0,0,0,0,0,1,0,1,0,0,0,0,0,0,0,0,0,0,0,0,0,0,0,0,0,0,0,0,0,0,0,0,0,0,0,0,0,0,0,0,0,0,0,0,0,0,0,0,0,35BEFD91
https://careerbuilder.vn/vi/tim-viec-lam/performance-marketing-executive-gmkt.35BDDF5D.html,performance marketing executive (gmkt),Công ty TNHH Dịch vụ Thương mại Yes4All,Hồ Chí Minh,2023-11-25,2023-10-26,Cạnh tranh,Nhân viên chính thức,Nhân viên,,,,,1.0,2.0,năm,1,0,0,0,0,0,0,0,0,0,0,0,0,0,0,0,0,0,0,0,0,0,1,1,0,0,1,0,0,0,0,0,0,0,0,0,0,0,0,0,0,0,0,0,0,0,0,0,0,0,0,0,0,0,0,35BDDF5D
https://careerbuilder.vn/vi/tim-viec-lam/hr-analyst.35BEF539.html,hr analyst,Yes4All Trading Services Company Limited,Hồ Chí Minh,2023-12-11,2023-11-20,Cạnh tranh,Nhân viên chính thức,Nhân viên,,,,,2.0,3.0,năm,1,0,0,0,0,0,0,0,0,0,0,1,0,0,0,0,0,1,0,0,0,0,0,0,0,1,0,0,0,0,0,0,0,0,0,0,0,0,0,0,0,0,0,0,0,0,0,0,0,0,0,0,0,0,0,35BEF539
https://careerbuilder.vn/vi/tim-viec-lam/senior-business-intelligence-analyst.35BEF4FE.html,senior business intelligence analyst,Yes4All Trading Services Company Limited,Hồ Chí Minh,2023-12-11,2023-11-19,Cạnh tranh,Nhân viên chính thức,Nhân viên,,,,,2.0,3.0,năm,1,0,0,0,0,0,0,0,0,0,0,1,1,0,0,0,0,0,0,0,0,0,0,0,0,0,1,0,0,0,0,0,0,0,0,0,0,0,0,0,0,0,0,0,0,0,0,0,0,0,0,0,0,0,0,35BEF4FE
https://careerbuilder.vn/vi/tim-viec-lam/chuyen-vien-phat-trien-san-pham-product-owner.35BEFE11.html,chuyên viên phát triển sản phẩm (product owner),CÔNG TY TNHH GIÁO DỤC WEGROW VIỆT NAM,Hà Nội,2023-12-31,2023-11-16,15 Tr - 25 Tr VND,Nhân viên chính thức,Trưởng nhóm / Giám sát,,15.0,25.0,VND,1.0,5.0,năm,0,1,0,0,0,0,0,0,0,0,0,0,0,0,0,0,0,0,0,0,0,0,0,0,0,0,1,0,0,0,0,0,0,0,0,0,0,0,0,0,0,0,0,0,0,0,0,0,0,0,0,0,0,0,0,35BEFE11
https://careerbuilder.vn/vi/tim-viec-lam/chuyen-vien-chinh-phan-tich-kinh-doanh-thu-hoi-no-ha-noi-ta079.35BEEBB1.html,chuyên viên chính phân tích kinh doanh (thu hồi nợ) - hà nội - ta079,Ngân Hàng TMCP Việt Nam Thịnh Vượng - VPBANK,Hà Nội,2023-12-31,2023-11-14,Cạnh tranh,Nhân viên chính thức,Nhân viên,,,,,1.0,2.0,năm,0,1,0,0,0,0,0,0,0,0,0,0,0,0,0,0,0,0,0,0,0,0,0,0,1,0,0,0,0,0,0,0,0,0,0,0,1,0,0,1,0,0,0,0,0,0,0,0,0,0,0,0,0,0,0,35BEEBB1
https://careerbuilder.vn/vi/tim-viec-lam/regional-senior-internal-audit.35BDE1CC.html,regional senior internal audit,Wipro Consumer Care Vietnam,Bình Dương,2023-11-26,2023-10-27,Cạnh tranh,Nhân viên chính thức,Trưởng nhóm / Giám sát,,,,,5.0,,năm,0,0,0,0,1,0,0,0,0,0,0,0,0,0,0,0,1,0,0,0,0,1,0,0,0,0,0,0,0,0,0,0,0,0,0,0,0,0,0,0,0,0,0,0,0,0,0,0,0,0,0,0,0,0,0,35BDE1CC
https://careerbuilder.vn/vi/tim-viec-lam/digital-marketing-executive-amazon.35BDDF5E.html,digital marketing executive (amazon),Công ty TNHH Dịch vụ Thương mại Yes4All,Hồ Chí Minh,2023-11-25,2023-10-26,Cạnh tranh,Nhân viên chính thức,Nhân viên,,,,,1.0,2.0,năm,1,0,0,0,0,0,0,0,0,0,0,0,0,0,0,0,0,0,0,0,0,0,1,1,0,0,1,0,0,0,0,0,0,0,0,0,0,0,0,0,0,0,0,0,0,0,0,0,0,0,0,0,0,0,0,35BDDF5E
https://careerbuilder.vn/vi/tim-viec-lam/senior-officer-finance-budgeting-and-planning.35BEDF0A.html,"senior officer, finance budgeting and planning",TECHCOMBANK,Hà Nội,2023-11-30,2023-11-14,Cạnh tranh,Nhân viên chính thức,Nhân viên,,,,,3.0,,năm,0,1,0,0,0,0,0,0,0,0,0,0,0,1,0,0,1,0,0,0,0,1,0,0,0,0,0,0,0,0,0,0,0,0,0,0,0,0,0,0,0,0,0,0,0,0,0,0,0,0,0,0,0,0,0,35BEDF0A
https://careerbuilder.vn/vi/tim-viec-lam/chuyen-vien-phan-tich-du-lieu-khoi-cntt.35BDE3D8.html,chuyên viên phân tích dữ liệu (khối cntt),Ngân Hàng TMCP Sài Gòn - Hà Nội ( SHB ),Hà Nội,2023-11-26,2023-10-28,Cạnh tranh,Nhân viên chính thức,Nhân viên,,,,,2.0,,năm,0,1,0,0,0,0,0,0,0,0,0,1,0,1,0,0,0,0,0,0,0,0,0,0,0,0,0,0,0,0,0,0,0,0,0,0,0,0,0,0,0,0,0,0,0,0,0,0,0,0,0,0,0,0,0,35BDE3D8
https://careerbuilder.vn/vi/tim-viec-lam/chuyen-vien-phan-tich-du-lieu-khoi-cntt.35BED9A4.html,chuyên viên phân tích dữ liệu (khối cntt),Ngân Hàng TMCP Sài Gòn - Hà Nội ( SHB ),Hà Nội,2023-11-28,2023-11-20,Cạnh tranh,Nhân viên chính thức,Nhân viên,,,,,2.0,,năm,0,1,0,0,0,0,0,0,0,0,0,1,0,1,0,0,0,0,0,0,0,0,0,0,0,0,0,0,0,0,0,0,0,0,0,0,0,0,0,0,0,0,0,0,0,0,0,0,0,0,0,0,0,0,0,35BED9A4
https://careerbuilder.vn/vi/tim-viec-lam/accountant-temporary-7-months-contract.35BE3A93.html,accountant (temporary – 7 months contract),Công ty TNHH Cảng Quốc Tế Sài Gòn Việt Nam,Bà Rịa - Vũng Tàu,2023-11-26,2023-11-16,Cạnh tranh,Nhân viên chính thức,Nhân viên,,,,,2.0,,năm,0,0,0,0,0,0,1,0,0,0,0,0,0,0,0,0,0,0,0,0,0,1,0,0,0,0,0,0,0,0,0,0,1,0,0,0,0,0,0,0,0,0,0,0,0,0,0,0,0,0,0,0,0,0,0,35BE3A93
https://careerbuilder.vn/vi/tim-viec-lam/java-developer-social-platform.35BEF8AD.html,"java developer, social platform",Công ty Cổ phần Dịch vụ Di Động Trực tuyến (Ví MoMo),Hà Nội,2023-12-13,2023-11-15,Cạnh tranh,Nhân viên chính thức,Nhân viên,,,,,2.0,5.0,năm,0,1,0,0,0,0,0,0,0,0,0,1,0,0,0,0,0,0,0,0,0,0,0,0,0,0,0,0,0,0,0,0,0,0,0,0,0,0,0,0,0,0,0,0,0,0,0,0,0,0,0,0,0,0,0,35BEF8AD
https://careerbuilder.vn/vi/tim-viec-lam/head-of-ai-center.35BE2302.html,head of ai center,Ngân Hàng TMCP Việt Nam Thịnh Vượng - VPBANK,Hà Nội,2023-11-30,2023-11-19,Cạnh tranh,Nhân viên chính thức,Giám đốc,,,,,7.0,10.0,năm,0,1,0,0,0,0,0,0,0,0,0,1,0,1,0,0,0,0,0,0,0,0,0,0,0,0,0,0,0,0,0,0,0,0,0,0,0,0,0,0,0,0,0,0,0,0,0,0,0,0,0,0,0,0,0,35BE2302
https://careerbuilder.vn/vi/tim-viec-lam/user-acquisition-executive-mobile-app-games.35BDC6E3.html,user acquisition executive (mobile app/games),Công Ty Cổ Phần VNG,Hồ Chí Minh,2023-12-11,2023-11-12,Cạnh tranh,Nhân viên chính thức,Nhân viên,,,,,1.0,3.0,năm,1,0,0,0,0,0,0,0,0,0,0,0,0,0,0,0,0,0,0,0,0,0,0,1,0,0,0,0,0,0,0,0,0,0,0,0,0,0,0,0,1,1,0,0,0,0,0,0,0,0,0,0,0,0,0,35BDC6E3
https://careerbuilder.vn/vi/tim-viec-lam/sales-analyst-executive.35BEF361.html,sales analyst executive,"UNIEXPORT CO., LTD",Hồ Chí Minh,2023-12-10,2023-11-17,Cạnh tranh,Nhân viên chính thức,Nhân viên,,,,,2.0,3.0,năm,1,0,0,0,0,0,0,0,0,0,0,0,0,0,0,0,0,0,1,0,0,0,0,0,0,0,1,0,0,0,0,0,0,0,0,0,0,0,0,0,0,0,0,0,0,0,0,0,0,0,0,0,0,0,0,35BEF361
https://careerbuilder.vn/vi/tim-viec-lam/hcm-digital-marketing-executive.35BE18E2.html,[hcm] digital marketing executive,D1 Concepts Corporation,Hồ Chí Minh,2023-11-30,2023-10-31,12 Tr - 20 Tr VND,Nhân viên chính thức,Nhân viên,,12.0,20.0,VND,2.0,3.0,năm,1,0,0,0,0,0,0,0,0,0,0,0,0,0,0,0,0,0,0,0,0,0,1,1,0,0,0,0,0,0,0,0,0,0,0,0,0,0,0,0,0,1,0,0,0,0,0,0,0,0,0,0,0,0,0,35BE18E2
https://careerbuilder.vn/vi/tim-viec-lam/fp-a-director.35BF003B.html,fp&a director,Coca-Cola,Hồ Chí Minh,2023-12-17,2023-11-17,Cạnh tranh,Nhân viên chính thức,Giám đốc,,,,,5.0,20.0,năm,1,0,0,0,0,0,0,0,0,0,0,0,0,0,0,0,1,0,0,0,0,1,0,0,0,0,0,0,0,0,0,0,0,0,0,0,0,0,0,0,0,0,0,0,0,0,0,0,0,0,0,0,0,0,0,35BF003B
https://careerbuilder.vn/vi/tim-viec-lam/it-supervisor-manager.35BF0030.html,it supervisor/ manager,VĂN PHÒNG ĐẠI DIỆN ROFU SINGAPORE PTE. LTD. TẠI THÀNH PHỐ HỒ CHÍ MINH,Hồ Chí Minh,2023-12-17,2023-11-17,30.1 Tr - 30.1 Tr VND,Nhân viên chính thức,Quản lý,,30.1,30.1,VND,7.0,10.0,năm,1,0,0,0,0,0,0,0,0,0,0,0,0,0,1,0,0,0,0,0,0,0,0,0,0,0,0,0,0,0,0,0,0,0,0,0,0,0,0,0,0,0,0,0,0,0,0,0,0,0,0,0,0,0,0,35BF0030
https://careerbuilder.vn/vi/tim-viec-lam/risk-model-validation.35BEDF0D.html,risk model validation,TECHCOMBANK,Hà Nội,2023-11-30,2023-11-14,Cạnh tranh,Nhân viên chính thức,Quản lý,,,,,10.0,,năm,0,1,0,0,0,0,0,0,0,0,0,0,0,1,0,0,1,0,0,0,0,1,0,0,0,0,0,0,0,0,0,0,0,0,0,0,0,0,0,0,0,0,0,0,0,0,0,0,0,0,0,0,0,0,0,35BEDF0D
https://careerbuilder.vn/vi/tim-viec-lam/senior-fp-a-executive-chinese-required-game-entertainment.35BDB4B5.html,senior fp&a executive (chinese required) - game entertainment,Công Ty Cổ Phần VNG,Hồ Chí Minh,2023-11-29,2023-10-31,Cạnh tranh,Nhân viên chính thức,Nhân viên,,,,,3.0,5.0,năm,1,0,0,0,0,0,0,0,0,0,0,0,0,0,0,0,1,0,0,0,0,0,0,0,0,0,0,0,0,0,0,0,0,0,0,0,0,0,0,0,0,0,0,0,0,0,0,0,0,0,0,0,0,0,0,35BDB4B5
https://careerbuilder.vn/vi/tim-viec-lam/senior-ecommerce-analyst.35BDC929.html,senior ecommerce analyst,CÔNG TY TNHH THƯƠNG MẠI NCA (VN),Hồ Chí Minh,2023-12-12,2023-11-13,Cạnh tranh,Nhân viên chính thức,Nhân viên,,,,,5.0,7.0,năm,1,0,0,0,0,0,0,0,0,0,0,0,0,0,0,0,0,0,0,1,0,0,1,0,0,0,0,0,0,0,0,0,0,0,0,0,0,0,0,0,0,0,1,0,0,0,0,0,0,0,0,0,0,0,0,35BDC929
https://careerbuilder.vn/vi/tim-viec-lam/senior-lab-technician-analytical-chemistry-tan-phu-ho-chi-minh.35BE5B38.html,"senior lab technician (analytical chemistry) - tan phu, ho chi minh",EUROFINS VIETNAM,Hồ Chí Minh,2023-11-30,2023-11-03,nan,,,,,,nan,,,,1,0,0,0,0,0,0,0,0,0,0,0,0,0,0,0,0,0,0,0,0,0,0,0,0,0,0,0,0,0,0,0,0,0,0,0,0,0,0,0,0,0,0,0,0,0,0,0,0,0,0,0,0,0,0,35BE5B38
https://careerbuilder.vn/vi/tim-viec-lam/sales-admin-leader-at-nhabe-office.35BE10F1.html,sales admin leader at nhabe office,Công Ty CP TM DV SX Hương Thủy,Hồ Chí Minh,2023-12-19,2023-11-20,15 Tr - 17 Tr VND,Nhân viên chính thức,Nhân viên,,15.0,17.0,VND,3.0,7.0,năm,1,0,0,0,0,0,0,0,0,0,0,0,0,0,0,0,0,0,0,0,0,0,0,1,0,0,0,0,0,0,1,0,0,0,0,0,0,0,0,0,0,0,0,1,0,0,0,0,0,0,0,0,0,0,0,35BE10F1
https://careerbuilder.vn/vi/tim-viec-lam/senior-general-accountant-contract-6-months.35BEE1A6.html,senior general accountant (contract 6 months),Nor-Cal Products Vietnam,Bình Dương,2023-11-30,2023-11-15,Cạnh tranh,Bán thời gian,Nhân viên,,,,,5.0,10.0,năm,0,0,0,0,1,0,0,0,0,0,0,0,0,0,0,0,1,0,0,0,0,1,0,0,0,0,0,0,1,0,0,0,0,0,0,0,0,0,0,0,0,0,0,0,0,0,0,0,0,0,0,0,0,0,0,35BEE1A6
https://careerbuilder.vn/vi/tim-viec-lam/process-quality-assurance-manager.35BDE4D9.html,process quality assurance manager,CÔNG TY CỔ PHẦN CÔNG NGHỆ UNIT,Hồ Chí Minh,2023-11-27,2023-10-29,15 Tr - 40 Tr VND,Nhân viên chính thức,Trưởng nhóm / Giám sát,,15.0,40.0,VND,5.0,,năm,1,0,0,0,0,0,0,0,0,0,0,1,0,0,0,0,0,0,0,0,0,0,0,0,0,0,0,0,0,0,0,0,0,0,0,0,0,0,0,0,0,0,0,0,0,0,0,0,0,0,0,0,0,0,0,35BDE4D9
https://careerbuilder.vn/vi/tim-viec-lam/senior-sales-effectiveness-specialist.35BDDF95.html,senior sales effectiveness specialist,IDEAL LIFE JSC - CÔNG TY CỔ PHẦN TƯ VẤN IDEAL LIFE,Hồ Chí Minh,2023-11-30,2023-10-27,16 Tr - 28 Tr VND,Nhân viên chính thức,Nhân viên,,16.0,28.0,VND,3.0,,năm,1,0,0,0,0,0,0,0,0,0,0,1,0,1,0,0,0,0,0,0,0,0,0,0,0,0,0,0,0,0,0,0,0,0,0,0,1,0,0,0,0,0,0,0,0,0,0,0,0,0,0,0,0,0,0,35BDDF95
https://careerbuilder.vn/vi/tim-viec-lam/lean-part-leader.35BEEC6C.html,lean part leader,CS WIND Vietnam,Bà Rịa - Vũng Tàu,2023-12-31,2023-11-14,nan,,,,,,nan,,,,0,0,0,0,0,0,1,0,0,0,0,0,0,0,0,0,0,0,0,0,0,0,0,0,0,0,0,0,0,0,0,0,0,0,0,0,0,0,0,0,0,0,0,0,0,0,0,0,0,0,0,0,0,0,0,35BEEC6C
https://careerbuilder.vn/vi/tim-viec-lam/nhan-vien-ban-hang-qua-dien-thoai.35BDF308.html,nhân viên bán hàng qua điện thoại,Công Ty TNHH Thương Mại & Dịch Vụ DND,Hà Nội,2023-12-04,2023-11-05,6 Tr - 8 Tr VND,Nhân viên chính thức,Nhân viên,,6.0,8.0,VND,,,,0,1,0,0,0,0,0,0,0,0,0,0,0,0,0,0,0,0,0,0,0,0,1,0,0,0,1,0,0,0,0,0,0,0,1,0,0,0,0,0,0,0,0,0,0,0,0,0,0,0,0,0,0,0,0,35BDF308
https://careerbuilder.vn/vi/tim-viec-lam/pricing-rebates-promotion-management-manager.35BDBEAE.html,"pricing, rebates & promotion management manager",AkzoNobel Vietnam,Hồ Chí Minh,2023-12-06,2023-11-07,Cạnh tranh,Nhân viên chính thức,Quản lý,,,,,7.0,8.0,năm,1,0,0,0,0,0,0,0,0,0,0,0,0,0,0,0,0,0,0,0,0,1,0,1,0,0,0,0,0,0,0,0,0,0,0,0,0,0,0,0,0,0,0,1,0,0,0,0,0,0,0,0,0,0,0,35BDBEAE
https://careerbuilder.vn/vi/tim-viec-lam/senior-digital-marketing-manager.35BF0169.html,senior digital marketing manager,Yes4All Trading Services Company Limited,Hồ Chí Minh,2023-12-19,2023-11-19,Cạnh tranh,Nhân viên chính thức,Quản lý,,,,,3.0,4.0,năm,1,0,0,0,0,0,0,0,0,0,0,0,0,0,0,0,0,0,0,0,0,0,1,1,0,0,0,1,0,0,0,0,0,0,0,0,0,0,0,0,0,0,0,0,0,0,0,0,0,0,0,0,0,0,0,35BF0169
https://careerbuilder.vn/vi/tim-viec-lam/corporate-compliance-assistant-manager.35BDDC16.html,corporate compliance assistant manager,Hanwha Life Insurance Company Limited (Vietnam),Hồ Chí Minh,2023-11-22,2023-10-23,Cạnh tranh,Nhân viên chính thức,Trưởng nhóm / Giám sát,,,,,5.0,7.0,năm,1,0,0,0,0,0,0,0,0,0,0,0,0,1,0,0,0,0,0,0,0,1,0,0,0,0,0,0,0,0,0,0,0,0,0,0,1,0,0,0,0,0,0,0,0,0,0,0,0,0,0,0,0,0,0,35BDDC16
https://careerbuilder.vn/vi/tim-viec-lam/chuyen-vien-phan-tich-du-lieu-trang-suc.35BE3CD4.html,chuyên viên phân tích dữ liệu (trang sức),CÔNG TY CỔ PHẦN CHARM GROUP,Hồ Chí Minh,2023-11-30,2023-10-27,Trên12 Tr VND,Nhân viên chính thức,Nhân viên,,12.0,,VND,2.0,3.0,năm,1,0,0,0,0,0,0,0,0,0,0,0,0,0,0,0,0,0,0,0,0,0,0,1,0,0,1,0,0,0,0,0,0,0,0,0,0,0,0,0,0,0,1,0,0,0,0,0,0,0,0,0,0,0,0,35BE3CD4
https://careerbuilder.vn/vi/tim-viec-lam/head-of-performance-management-operation-division-hanoi-ta083.35BE1D22.html,head of performance management (operation division) - hanoi - ta083,Ngân Hàng TMCP Việt Nam Thịnh Vượng - VPBANK,Hà Nội,2023-11-29,2023-11-16,Cạnh tranh,Nhân viên chính thức,Nhân viên,,,,,3.0,8.0,năm,0,1,0,0,0,0,0,0,0,0,0,0,0,1,0,0,0,0,0,0,0,0,0,0,0,0,1,0,0,0,1,0,0,0,0,0,0,0,0,0,0,0,0,0,0,0,0,0,0,0,0,0,0,0,0,35BE1D22
https://careerbuilder.vn/vi/tim-viec-lam/truong-phong-quan-ly-hieu-suat-khoi-van-hanh-ha-noi-ta085.35BED950.html,trưởng phòng quản lý hiệu suất (khối vận hành) - hà nội - ta085,Ngân Hàng TMCP Việt Nam Thịnh Vượng - VPBANK,Hà Nội,2023-11-28,2023-11-20,Cạnh tranh,Nhân viên chính thức,Quản lý,,,,,5.0,8.0,năm,0,1,0,0,0,0,0,0,0,0,0,0,0,1,0,0,0,0,0,0,0,1,0,0,0,0,1,0,0,0,0,0,0,0,0,0,0,0,0,0,0,0,0,0,0,0,0,0,0,0,0,0,0,0,0,35BED950
https://careerbuilder.vn/vi/tim-viec-lam/head-of-performance-management-operation-division-hanoi-ta085.35BE1050.html,head of performance management (operation division) - hanoi - ta085,Ngân Hàng TMCP Việt Nam Thịnh Vượng - VPBANK,Hà Nội,2023-12-19,2023-11-20,Cạnh tranh,Nhân viên chính thức,Nhân viên,,,,,5.0,8.0,năm,0,1,0,0,0,0,0,0,0,0,0,0,0,1,0,0,0,0,0,0,0,0,0,0,0,0,1,0,0,0,1,0,0,0,0,0,0,0,0,0,0,0,0,0,0,0,0,0,0,0,0,0,0,0,0,35BE1050
https://careerbuilder.vn/vi/tim-viec-lam/truong-phong-quan-ly-hieu-suat-khoi-van-hanh-ha-noi-ta085.35BDA549.html,trưởng phòng quản lý hiệu suất (khối vận hành) - hà nội - ta085,Ngân Hàng TMCP Việt Nam Thịnh Vượng - VPBANK,Hà Nội,2023-11-21,2023-10-23,Cạnh tranh,Nhân viên chính thức,Quản lý,,,,,5.0,8.0,năm,0,1,0,0,0,0,0,0,0,0,0,0,0,0,0,1,0,0,0,0,0,0,0,0,1,0,1,0,0,0,0,0,0,0,0,0,0,0,0,0,0,0,0,0,0,0,0,0,0,0,0,0,0,0,0,35BDA549
https://careerbuilder.vn/vi/tim-viec-lam/costing-analysis-specialist.35BDFB2C.html,costing analysis specialist,BETRIMEX - Công Ty Cổ Phần Xuất Nhập Khẩu Bến Tre,Hồ Chí Minh,2023-12-09,2023-11-10,Cạnh tranh,Nhân viên chính thức,Trưởng nhóm / Giám sát,,,,,3.0,10.0,năm,1,0,0,0,0,0,0,0,0,0,0,0,0,0,0,0,1,0,0,0,0,0,0,0,0,0,0,0,0,0,0,0,0,0,0,0,0,0,0,0,0,0,0,0,0,0,0,0,0,0,0,0,0,0,0,35BDFB2C
https://careerbuilder.vn/vi/tim-viec-lam/chuyen-vien-tich-hop-du-lieu-intergration-engineering.35BDFE61.html,chuyên viên tích hợp dữ liệu (intergration engineering),Ngân hàng TMCP Đại Chúng Việt Nam - PVcomBank,Hà Nội,2023-12-10,2023-11-11,Cạnh tranh,Nhân viên chính thức,Nhân viên,,,,,2.0,4.0,năm,0,1,0,0,0,0,0,0,0,0,0,1,1,1,0,0,0,0,0,0,0,0,0,0,0,0,0,0,0,0,0,0,0,0,0,0,0,0,0,0,0,0,0,0,0,0,0,0,0,0,0,0,0,0,0,35BDFE61
https://careerbuilder.vn/vi/tim-viec-lam/chuyen-vien-tich-hop-du-lieu-intergration-engineering.35BEEC00.html,chuyên viên tích hợp dữ liệu (intergration engineering),Ngân hàng TMCP Đại Chúng Việt Nam - PVcomBank,Hà Nội,2023-11-30,2023-11-14,Cạnh tranh,Nhân viên chính thức,Nhân viên,,,,,2.0,4.0,năm,0,1,0,0,0,0,0,0,0,0,0,1,1,1,0,0,0,0,0,0,0,0,0,0,0,0,0,0,0,0,0,0,0,0,0,0,0,0,0,0,0,0,0,0,0,0,0,0,0,0,0,0,0,0,0,35BEEC00
https://careerbuilder.vn/vi/tim-viec-lam/chuyen-vien-tich-hop-du-lieu-intergration-engineering.35BDBCA3.html,chuyên viên tích hợp dữ liệu (intergration engineering),Ngân hàng TMCP Đại Chúng Việt Nam - PVcomBank,Hà Nội,2023-12-06,2023-11-07,Cạnh tranh,Nhân viên chính thức,Nhân viên,,,,,2.0,4.0,năm,0,1,0,0,0,0,0,0,0,0,0,1,1,1,0,0,0,0,0,0,0,0,0,0,0,0,0,0,0,0,0,0,0,0,0,0,0,0,0,0,0,0,0,0,0,0,0,0,0,0,0,0,0,0,0,35BDBCA3
https://careerbuilder.vn/vi/tim-viec-lam/tax-specialist-temp-4-months.35BDBAF3.html,tax specialist - temp 4 months,Coca-Cola,Hồ Chí Minh,2023-12-05,2023-11-06,Cạnh tranh,Thời vụ/ Nghề tự do,Nhân viên,,,,,1.0,10.0,năm,1,0,0,0,0,0,0,0,0,0,0,0,0,0,1,0,0,0,0,0,0,1,0,0,0,0,0,0,0,0,0,0,0,0,0,0,0,0,0,0,0,0,0,0,0,0,0,0,0,0,0,0,0,0,0,35BDBAF3
https://careerbuilder.vn/vi/tim-viec-lam/senior-growth-strategy-associate-zalopay-financial-services.35BDBF11.html,"senior growth strategy associate, zalopay (financial services)",Công Ty Cổ Phần VNG,Hồ Chí Minh,2023-12-07,2023-11-08,Cạnh tranh,Nhân viên chính thức,Nhân viên,,,,,3.0,5.0,năm,1,0,0,0,0,0,0,0,0,0,0,1,0,0,0,0,0,0,0,0,0,0,0,1,0,0,0,0,0,0,0,0,0,0,0,0,0,0,0,0,0,0,0,0,0,0,0,0,0,0,0,0,0,0,0,35BDBF11
https://careerbuilder.vn/vi/tim-viec-lam/workforce-management-supervisor.35BED5F0.html,workforce management supervisor,Vietnam Concentrix Services Company Limited,Hồ Chí Minh,2023-11-27,2023-11-17,20 Tr - 31 Tr VND,Nhân viên chính thức,Trưởng nhóm / Giám sát,,20.0,31.0,VND,1.0,,năm,1,0,0,0,0,0,0,0,0,0,0,0,0,0,0,0,0,1,0,0,0,0,0,0,0,0,0,0,0,0,0,0,0,0,0,0,0,0,0,0,0,0,0,0,0,0,0,0,0,0,0,0,0,0,0,35BED5F0
https://careerbuilder.vn/vi/tim-viec-lam/demand-planning-associate-manager.35BEE4DF.html,demand planning associate manager,Yes4All Trading Services Company Limited,Hồ Chí Minh,2023-12-31,2023-11-17,Cạnh tranh,Nhân viên chính thức,Quản lý,,,,,3.0,6.0,năm,1,0,0,0,0,0,0,0,0,0,0,0,0,0,0,0,0,0,0,1,0,0,1,0,0,0,1,0,0,0,0,0,0,0,0,0,0,0,0,0,0,0,0,0,0,0,0,0,0,0,0,0,0,0,0,35BEE4DF
https://careerbuilder.vn/vi/tim-viec-lam/customer-service-planning-assistant-manager.35BDDA96.html,customer service planning assistant manager,LG Electronics Vietnam,Hà Nội,2023-11-21,2023-10-23,Cạnh tranh,Nhân viên chính thức,Nhân viên,,,,,5.0,7.0,năm,0,1,0,0,0,0,0,0,0,0,0,0,0,0,0,0,0,0,0,0,0,0,0,0,0,0,0,1,0,0,0,0,0,0,0,0,0,0,0,0,0,0,0,0,0,0,0,0,0,0,0,0,0,0,0,35BDDA96
https://careerbuilder.vn/vi/tim-viec-lam/msa-engineer-measurement-system-analysis.35BEEAF0.html,msa engineer (measurement system analysis),Techtronic Industries Vietnam (TTI),Hồ Chí Minh,2023-12-31,2023-11-14,Cạnh tranh,Nhân viên chính thức,Nhân viên,,,,,2.0,5.0,năm,1,0,0,0,0,0,0,0,0,0,0,0,0,0,0,0,0,0,0,0,0,0,0,0,0,0,0,0,0,0,0,0,0,0,0,0,0,0,1,0,0,0,0,0,1,0,0,0,0,0,0,0,0,0,0,35BEEAF0
https://careerbuilder.vn/vi/tim-viec-lam/process-quality-engineer.35BE06BD.html,process quality engineer,Techtronic Industries Vietnam (TTI),Hồ Chí Minh,2023-12-15,2023-11-16,Cạnh tranh,Nhân viên chính thức,Nhân viên,,,,,2.0,3.0,năm,1,0,0,0,0,0,0,0,0,0,0,0,0,0,0,0,0,0,0,0,0,0,0,0,0,0,0,0,0,0,0,0,0,1,0,0,0,0,1,0,0,0,0,0,0,0,0,0,0,0,0,0,0,0,0,35BE06BD
https://careerbuilder.vn/vi/tim-viec-lam/senior-customer-experience-specialist-digital-banking-services-fccom-2z138.35BDC831.html,senior customer experience specialist (digital banking services) - fccom - 2z138,TNG Holdings Vietnam,Hà Nội,2023-12-12,2023-11-13,25 Tr - 35 Tr VND,Nhân viên chính thức,Nhân viên,,25.0,35.0,VND,2.0,,năm,0,1,0,0,0,0,0,0,0,0,0,0,0,1,0,0,1,0,0,0,0,0,0,1,0,0,0,0,0,0,0,0,0,0,0,0,0,0,0,0,0,0,0,0,0,0,0,0,0,0,0,0,0,0,0,35BDC831
https://careerbuilder.vn/vi/tim-viec-lam/associate-software-engineer-oracle-sql.35BEEE43.html,"associate software engineer (oracle, sql)",Công Ty Cổ Phần VNG,Hồ Chí Minh,2023-12-21,2023-11-15,Cạnh tranh,Nhân viên chính thức,Nhân viên,,,,,1.0,2.0,năm,1,0,0,0,0,0,0,0,0,0,0,1,0,0,0,0,0,0,0,0,0,0,0,0,0,0,0,0,0,0,0,0,0,0,0,0,0,0,0,0,0,0,0,0,0,0,0,0,0,0,0,0,0,0,0,35BEEE43
https://careerbuilder.vn/vi/tim-viec-lam/senior-digital-specialist.35BDA84F.html,senior digital specialist,Techtronic Industries Vietnam (TTI),Hồ Chí Minh,2023-11-22,2023-10-24,Cạnh tranh,Nhân viên chính thức,Nhân viên,,,,,3.0,,năm,1,0,0,0,0,0,0,0,0,0,0,0,0,0,0,0,0,0,0,0,0,0,0,0,0,0,0,1,0,0,0,0,0,0,0,0,0,0,1,0,0,0,0,0,0,1,0,0,0,0,0,0,0,0,0,35BDA84F
https://careerbuilder.vn/vi/tim-viec-lam/chuyen-vien-quan-tri-co-so-du-lieu-database-administrator.35BDEACF.html,chuyên viên quản trị cơ sở dữ liệu (database administrator),CÔNG TY TÀI CHÍNH BƯU ĐIỆN,Hà Nội,2023-12-01,2023-11-02,18 Tr - 23 Tr VND,Nhân viên chính thức,Nhân viên,,18.0,23.0,VND,1.0,3.0,năm,0,1,0,0,0,0,0,0,0,0,0,1,0,1,0,0,1,0,0,0,0,0,0,0,0,0,0,0,0,0,0,0,0,0,0,0,0,0,0,0,0,0,0,0,0,0,0,0,0,0,0,0,0,0,0,35BDEACF
https://careerbuilder.vn/vi/tim-viec-lam/internet-banking-staff.35BEFB2E.html,internet banking staff,DIGI-TEXX VIETNAM,Hồ Chí Minh,2023-12-15,2023-11-15,14 Tr - 16 Tr VND,Nhân viên chính thức,Nhân viên,,14.0,16.0,VND,3.0,5.0,năm,1,0,0,0,0,0,0,0,0,0,0,0,0,1,0,0,0,0,0,0,0,0,0,0,0,0,0,1,0,0,0,0,0,0,0,0,0,0,0,0,0,0,0,0,0,0,0,0,0,0,0,0,0,0,0,35BEFB2E
https://careerbuilder.vn/vi/tim-viec-lam/corporate-planning-executive.35BEEB09.html,corporate planning executive,CÔNG TY TNHH KINH DOANH LỐP XE BRIDGESTONE VIỆT NAM,Hồ Chí Minh,2023-11-30,2023-11-16,Cạnh tranh,Nhân viên chính thức,Nhân viên,,,,,2.0,5.0,năm,1,0,0,0,0,0,0,0,0,0,0,0,0,0,0,0,0,0,0,1,1,1,0,0,0,0,0,0,0,0,0,0,0,0,0,0,0,0,0,0,0,0,0,0,0,0,0,0,0,0,0,0,0,0,0,35BEEB09
https://careerbuilder.vn/vi/tim-viec-lam/bim-developer.35BE0168.html,bim developer,Công ty TNHH Willtec Việt Nam,Hà Nội,2023-12-11,2023-11-12,Trên25 Tr VND,Nhân viên chính thức,Nhân viên,,25.0,,VND,2.0,5.0,năm,0,1,0,0,0,0,0,0,0,0,0,0,0,0,0,0,0,0,0,0,0,0,0,0,0,0,0,0,0,0,0,0,0,0,0,0,0,0,0,0,0,0,0,0,0,0,1,1,0,0,0,0,0,0,0,35BE0168
https://careerbuilder.vn/vi/tim-viec-lam/dong-da-ha-noi-l-d-specialist.35BDC2AB.html,[đống đa - hà nội] l&d specialist,TALENTNET CORPORATION,Hà Nội,2023-12-10,2023-11-11,15 Tr - 18 Tr VND,Nhân viên chính thức,Nhân viên,,15.0,18.0,VND,1.0,3.0,năm,0,1,0,0,0,0,0,0,0,0,0,0,0,0,0,0,0,0,0,1,0,0,0,0,0,1,0,0,0,0,1,0,0,0,0,0,0,0,0,0,0,0,0,0,0,0,0,0,0,0,0,0,0,0,0,35BDC2AB
https://careerbuilder.vn/vi/tim-viec-lam/cv-nv-quan-tri-co-so-du-lieu-dba-khoi-cntt.35BEF9EE.html,cv/nv quản trị cơ sở dữ liệu (dba) - khối cntt,Ngân hàng Việt Nam Thương Tín,Hồ Chí Minh,2023-12-31,2023-11-16,10 Tr - 30 Tr VND,Nhân viên chính thức,Nhân viên,,10.0,30.0,VND,1.0,3.0,3năm,1,0,0,0,0,0,0,0,0,0,0,1,0,1,0,0,0,0,0,0,1,0,0,0,0,0,0,0,0,0,0,0,0,0,0,0,0,0,0,0,0,0,0,0,0,0,0,0,0,0,0,0,0,0,0,35BEF9EE
https://careerbuilder.vn/vi/tim-viec-lam/warehouse-inventory-controller.35BE136E.html,warehouse inventory controller,AkzoNobel Vietnam,Bắc Ninh,2023-11-23,2023-11-13,Cạnh tranh,Nhân viên chính thức,Nhân viên,,,,,3.0,5.0,năm,0,0,0,0,0,0,0,1,0,0,0,0,0,0,0,0,0,0,0,0,0,0,0,0,0,0,0,0,1,0,0,0,1,0,0,0,0,0,0,0,0,0,0,0,1,0,0,0,0,0,0,0,0,0,0,35BE136E
https://careerbuilder.vn/vi/tim-viec-lam/lead-ai-engineer.35BEE04C.html,lead ai engineer,Công Ty Cổ Phần VNG,Hồ Chí Minh,2023-12-11,2023-11-15,Cạnh tranh,Nhân viên chính thức,Trưởng nhóm / Giám sát,,,,,5.0,8.0,năm,1,0,0,0,0,0,0,0,0,0,0,1,0,0,0,0,0,0,0,0,0,0,0,0,0,0,0,0,0,0,0,0,0,0,0,0,0,0,0,0,0,0,0,0,0,0,0,0,0,0,0,0,0,0,0,35BEE04C
https://careerbuilder.vn/vi/tim-viec-lam/hcm-trade-marketing-executive-experienced.35BDD9AF.html,[hcm] trade marketing executive (experienced),D1 Concepts Corporation,Hồ Chí Minh,2023-11-30,2023-11-01,10 Tr - 17 Tr VND,Nhân viên chính thức,Nhân viên,,10.0,17.0,VND,2.0,3.0,năm,1,0,0,0,0,0,0,0,0,0,0,0,0,0,0,0,0,0,0,0,0,0,1,1,0,0,0,0,0,0,0,0,0,0,0,0,0,0,0,0,0,1,0,0,0,0,0,0,0,0,0,0,0,0,0,35BDD9AF
https://careerbuilder.vn/vi/tim-viec-lam/sales-cum-office-admin.35BDE9E3.html,sales cum office admin,KNS INTERNATIONAL COMPANY LIMITED,Hà Nội,2023-12-01,2023-11-02,Cạnh tranh,Nhân viên chính thức,Nhân viên,,,,,2.0,8.0,năm,0,1,0,0,0,0,0,0,0,0,0,0,0,0,0,0,0,0,0,0,0,1,0,0,0,0,0,0,0,0,1,0,0,0,0,0,0,0,0,0,0,0,0,0,0,0,0,0,1,0,0,0,0,0,0,35BDE9E3
https://careerbuilder.vn/vi/tim-viec-lam/product-owner.35BDE148.html,product owner,Elofun Entertainment,Hồ Chí Minh,2023-12-08,2023-11-09,Trên10 Tr VND,Nhân viên chính thức,Nhân viên,,10.0,,VND,,,,1,0,0,0,0,0,0,0,0,0,0,1,0,0,0,0,0,0,0,0,0,0,0,1,0,0,0,0,0,0,0,0,0,0,0,0,0,0,0,0,1,0,0,0,0,0,0,0,0,0,0,0,0,0,0,35BDE148
https://careerbuilder.vn/vi/tim-viec-lam/senior-ai-engineer-b2b-product.35BF02C9.html,senior ai engineer (b2b product),Công Ty Cổ Phần VNG,Hồ Chí Minh,2023-12-20,2023-11-20,Cạnh tranh,Nhân viên chính thức,Nhân viên,,,,,3.0,10.0,năm,1,0,0,0,0,0,0,0,0,0,0,1,0,0,0,0,0,0,0,0,0,0,0,0,0,0,0,0,0,0,0,0,0,0,0,0,0,0,0,0,0,0,0,0,0,0,0,0,0,0,0,0,0,0,0,35BF02C9
https://careerbuilder.vn/vi/tim-viec-lam/finance-planning-analysis.35BEF9C0.html,finance planning & analysis,Wanek Furniture,Bình Dương,2023-12-10,2023-11-14,Cạnh tranh,Nhân viên chính thức,Trưởng nhóm / Giám sát,,,,,5.0,10.0,năm,0,0,0,0,1,0,0,0,0,0,0,0,0,0,0,0,1,0,0,0,0,1,0,0,0,0,0,0,1,0,0,0,0,0,0,0,0,0,0,0,0,0,0,0,0,0,0,0,0,0,0,0,0,0,0,35BEF9C0
https://careerbuilder.vn/vi/tim-viec-lam/sales-operation-leader-for-gt-channel.35BDF738.html,sales operation leader for gt channel,CÔNG TY CỔ PHẦN THƯƠNG MẠI DỊCH VỤ SẢN XUẤT HƯƠNG THỦY,Hồ Chí Minh,2023-12-08,2023-11-09,20 Tr - 30 Tr VND,Nhân viên chính thức,Trưởng nhóm / Giám sát,,20.0,30.0,VND,5.0,10.0,năm,1,0,0,0,0,0,0,0,0,0,0,0,0,0,0,0,0,0,0,0,0,0,0,1,0,0,1,0,0,0,0,0,0,0,0,0,0,0,0,0,0,0,0,1,0,0,0,0,0,0,0,0,0,0,0,35BDF738
https://careerbuilder.vn/vi/tim-viec-lam/hr-senior-analyst-in-charge-of-c-b.35BEDED4.html,hr senior analyst (in charge of c&b),Công Ty TNHH CJ Vina Agri,Long An,2023-11-30,2023-11-14,Cạnh tranh,Nhân viên chính thức,Nhân viên,,,,,3.0,7.0,năm,0,0,0,0,0,0,0,0,1,0,0,0,0,0,0,0,0,0,0,0,0,0,0,0,0,1,0,0,0,0,0,0,0,0,0,0,0,0,0,0,0,0,0,0,0,0,0,0,0,0,0,0,0,0,0,35BEDED4
https://careerbuilder.vn/vi/tim-viec-lam/ha-noi-onsite-bim-developer-based-in-ha-noi-salary-1100.35BEE503.html,[ha noi - onsite] bim developer based in ha noi - salary 1100$,Công Ty TNHH OS POWER Việt Nam,Hà Nội,2024-11-02,2023-11-17,25 Tr - 30 Tr VND,Nhân viên chính thức,Nhân viên,,25.0,30.0,VND,2.0,5.0,năm,0,1,0,0,0,0,0,0,0,0,0,0,0,0,0,0,0,0,0,0,0,0,0,0,0,0,0,0,0,0,0,0,0,0,0,0,0,0,0,0,0,0,0,0,0,0,0,0,0,1,1,0,0,0,0,35BEE503
https://careerbuilder.vn/vi/tim-viec-lam/chuyen-vien-cvcc-cong-nghe-mo-hinh-khoi-du-lieu.35BDCD03.html,chuyên viên/cvcc công nghệ mô hình - khối dữ liệu,Ngân Hàng TMCP Quân Đội,Hà Nội,2023-12-14,2023-11-15,Cạnh tranh,Nhân viên chính thức,Nhân viên,,,,,1.0,,năm,0,1,0,0,0,0,0,0,0,0,0,1,0,1,0,0,0,0,0,0,0,0,0,0,0,0,0,0,0,0,0,0,0,0,0,0,0,0,0,0,0,0,0,0,0,0,0,0,0,0,0,0,0,0,0,35BDCD03
https://careerbuilder.vn/vi/tim-viec-lam/research-development-senior-supervisor.35BE5871.html,research & development senior supervisor,Marico South East Asia Corporation,Hồ Chí Minh,2023-11-25,2023-11-16,Cạnh tranh,Nhân viên chính thức,Nhân viên,,,,,3.0,4.0,năm,1,0,0,0,0,0,0,0,0,0,0,0,0,0,0,0,0,0,0,0,0,0,0,0,0,0,0,0,0,0,0,0,0,0,0,0,0,0,0,0,0,0,0,0,0,0,0,0,0,0,0,1,0,0,0,35BE5871
https://careerbuilder.vn/vi/tim-viec-lam/chuyen-vien-cvcc-cong-nghe-mo-hinh-ai-ml-ops-khoi-du-lieu.35BEE56B.html,chuyên viên/cvcc công nghệ mô hình (ai/ml ops) - khối dữ liệu,Ngân Hàng TMCP Quân Đội,Hà Nội,2023-12-31,2023-11-17,Cạnh tranh,Nhân viên chính thức,Nhân viên,,,,,1.0,,năm,0,1,0,0,0,0,0,0,0,0,0,1,0,1,0,0,0,0,0,0,0,0,0,0,0,0,0,0,0,0,0,0,0,0,0,0,0,0,0,0,0,0,0,0,0,0,0,0,0,0,0,0,0,0,0,35BEE56B
https://careerbuilder.vn/vi/tim-viec-lam/bim-coordinator-usd-1500-english.35BDB8F6.html,"bim coordinator (usd 1500, english)",Headhunter HRchannels Group,Hà Nội,2023-12-04,2023-11-05,1000 - 2000 USD,Nhân viên chính thức,Nhân viên,,1000.0,2000.0,USD,3.0,,năm,0,1,0,0,0,0,0,0,0,0,0,0,0,0,0,0,0,0,0,0,0,0,0,0,0,0,0,0,0,0,0,0,0,0,0,0,0,0,0,0,0,0,0,0,0,0,1,1,0,1,0,0,0,0,0,35BDB8F6
https://careerbuilder.vn/vi/tim-viec-lam/customer-success-specialist-quan-1.35BE190A.html,customer success specialist (quận 1),CÔNG TY TNHH MỘT THÀNH VIÊN LÝ GIA VIÊN,Hồ Chí Minh,2023-11-24,2023-11-07,10 Tr - 15 Tr VND,Nhân viên chính thức,Nhân viên,,10.0,15.0,VND,1.0,2.0,năm,1,0,0,0,0,0,0,0,0,0,0,0,0,0,0,0,0,0,0,1,0,0,1,0,0,0,1,0,0,0,0,0,0,0,0,0,0,0,0,0,0,0,0,0,0,0,0,0,0,0,0,0,0,0,0,35BE190A
https://careerbuilder.vn/vi/tim-viec-lam/chuyen-vien-chinh-chuyen-vien-cao-cap-van-hanh-mo-hinh-trung-tam-quan-tri-du-lieu.35BDACC0.html,chuyên viên chính/chuyên viên cao cấp vận hành mô hình - trung tâm quản trị dữ liệu,Ngân Hàng TMCP Tiên Phong (TPBank),Hà Nội,2023-11-26,2023-10-28,Cạnh tranh,Nhân viên chính thức,Nhân viên,,,,,2.0,7.0,năm,0,1,0,0,0,0,0,0,0,0,0,1,0,1,0,0,1,0,0,0,0,0,0,0,0,0,0,0,0,0,0,0,0,0,0,0,0,0,0,0,0,0,0,0,0,0,0,0,0,0,0,0,0,0,0,35BDACC0
https://careerbuilder.vn/vi/tim-viec-lam/chuyen-vien-cao-cap-phan-tich-va-tich-hop-du-lieu-intergration-engineering.35BDFE60.html,chuyên viên cao cấp phân tích và tích hợp dữ liệu (intergration engineering),Ngân hàng TMCP Đại Chúng Việt Nam - PVcomBank,Hà Nội,2023-12-10,2023-11-11,Cạnh tranh,Nhân viên chính thức,Nhân viên,,,,,3.0,5.0,năm,0,1,0,0,0,0,0,0,0,0,0,1,1,0,0,0,0,0,0,0,0,0,0,0,0,1,0,0,0,0,0,0,0,0,0,0,0,0,0,0,0,0,0,0,0,0,0,0,0,0,0,0,0,0,0,35BDFE60
https://careerbuilder.vn/vi/tim-viec-lam/chuyen-vien-cao-cap-phan-tich-va-tich-hop-du-lieu-intergration-engineering.35BEEC2C.html,chuyên viên cao cấp phân tích và tích hợp dữ liệu (intergration engineering),Ngân hàng TMCP Đại Chúng Việt Nam - PVcomBank,Hà Nội,2023-11-30,2023-11-14,Cạnh tranh,Nhân viên chính thức,Nhân viên,,,,,3.0,5.0,năm,0,1,0,0,0,0,0,0,0,0,0,1,1,0,0,0,0,0,0,0,0,0,0,0,0,1,0,0,0,0,0,0,0,0,0,0,0,0,0,0,0,0,0,0,0,0,0,0,0,0,0,0,0,0,0,35BEEC2C
https://careerbuilder.vn/vi/tim-viec-lam/chuyen-vien-cao-cap-phan-tich-va-tich-hop-du-lieu-intergration-engineering.35BDBCB2.html,chuyên viên cao cấp phân tích và tích hợp dữ liệu (intergration engineering),Ngân hàng TMCP Đại Chúng Việt Nam - PVcomBank,Hà Nội,2023-12-06,2023-11-07,Cạnh tranh,Nhân viên chính thức,Nhân viên,,,,,3.0,5.0,năm,0,1,0,0,0,0,0,0,0,0,0,1,1,0,0,0,0,0,0,0,0,0,0,0,0,1,0,0,0,0,0,0,0,0,0,0,0,0,0,0,0,0,0,0,0,0,0,0,0,0,0,0,0,0,0,35BDBCB2
https://careerbuilder.vn/vi/tim-viec-lam/hcm-merchandise-planning-specialist-lush.35BE5F10.html,hcm - merchandise planning specialist - lush,CÔNG TY CỔ PHẦN MAISON RETAIL MANAGEMENT INTERNATIONAL,Hồ Chí Minh,2023-11-27,2023-11-03,Cạnh tranh,Nhân viên chính thức,Nhân viên,,,,,1.0,2.0,năm,1,0,0,0,0,0,0,0,0,0,0,0,0,0,0,0,1,0,0,0,0,1,0,0,0,0,0,0,0,0,0,0,0,0,0,0,0,0,0,0,0,0,1,0,0,0,0,0,0,0,0,0,0,0,0,35BE5F10
https://careerbuilder.vn/vi/tim-viec-lam/senior-business-analyst-officer.35BDF0B2.html,senior business analyst officer,LOTTE FINANCE VIETNAM,Hà Nội,2023-12-03,2023-11-04,Cạnh tranh,Nhân viên chính thức,Nhân viên,,,,,3.0,5.0,năm,0,1,0,0,0,0,0,0,0,0,0,1,0,0,0,1,0,0,0,0,0,0,0,0,0,0,0,1,0,0,0,0,0,0,0,0,0,0,0,0,0,0,0,0,0,0,0,0,0,0,0,0,0,0,0,35BDF0B2
https://careerbuilder.vn/vi/tim-viec-lam/senior-business-analyst-officer.35BEF8A5.html,senior business analyst officer,LOTTE FINANCE VIETNAM,Hà Nội,2023-12-30,2023-11-14,Cạnh tranh,Nhân viên chính thức,Nhân viên,,,,,3.0,5.0,năm,0,1,0,0,0,0,0,0,0,0,0,1,0,0,0,1,0,0,0,0,0,0,0,0,0,0,0,1,0,0,0,0,0,0,0,0,0,0,0,0,0,0,0,0,0,0,0,0,0,0,0,0,0,0,0,35BEF8A5
https://careerbuilder.vn/vi/tim-viec-lam/demand-and-supply-planning-team-leader.35BE13B9.html,demand and supply planning team leader,Lovepop Vietnam,Đà Nẵng,2023-12-22,2023-11-13,Cạnh tranh,Nhân viên chính thức,Trưởng nhóm / Giám sát,,,,,2.0,,năm,0,0,0,0,0,1,0,0,0,0,0,0,0,0,0,0,0,0,1,0,0,0,0,0,0,0,0,0,1,0,0,0,1,0,0,0,0,0,0,0,0,0,0,0,0,0,0,0,0,0,0,0,0,0,0,35BE13B9
https://careerbuilder.vn/vi/tim-viec-lam/sales-admin-executive-temporary.35BEEB3F.html,sales admin executive - temporary,CÔNG TY TNHH ARCHER DANIELS MIDLAND VN,Hà Nam,2023-11-30,2023-11-14,Cạnh tranh,Thời vụ/ Nghề tự do,Nhân viên,,,,,2.0,3.0,năm,0,0,0,0,0,0,0,0,0,1,0,0,0,0,0,0,0,0,0,0,0,0,0,0,0,0,0,1,0,0,0,0,0,0,0,0,0,0,0,0,0,0,0,0,0,0,0,0,0,0,0,0,1,0,0,35BEEB3F
https://careerbuilder.vn/vi/tim-viec-lam/chief-marketing-officer.35BEEBDE.html,chief marketing officer,CÔNG TY TNHH THỜI TRANG VÀ MỸ PHẨM ÂU CHÂU,Hồ Chí Minh,2023-11-30,2023-11-14,Cạnh tranh,Nhân viên chính thức,Giám đốc,,,,,3.0,5.0,năm,1,0,0,0,0,0,0,0,0,0,0,0,0,0,0,0,0,0,0,1,0,0,0,1,0,0,0,0,0,0,0,0,0,0,0,0,0,0,0,0,0,0,1,0,0,0,0,0,0,0,0,0,0,0,0,35BEEBDE
https://careerbuilder.vn/vi/tim-viec-lam/digital-marketing-executive-fashion-retail.35BEE7C7.html,digital marketing executive (fashion retail),CÔNG TY TNHH THỜI TRANG VÀ MỸ PHẨM ÂU CHÂU,Hồ Chí Minh,,2023-11-12,Cạnh tranh,Nhân viên chính thức,Nhân viên,,,,,2.0,3.0,năm,1,0,0,0,0,0,0,0,0,0,0,0,0,0,0,0,0,0,0,0,0,0,1,1,0,0,0,0,0,0,0,0,0,0,0,0,0,0,0,0,0,0,1,0,0,0,0,0,0,0,0,0,0,0,0,35BEE7C7
https://careerbuilder.vn/vi/tim-viec-lam/quality-engineer.35BE5F38.html,quality engineer,Action Composites Hightech Industries,Đồng Nai,2023-11-27,2023-11-17,18 Tr - 25 Tr VND,Nhân viên chính thức,Nhân viên,,18.0,25.0,VND,3.0,5.0,năm,0,0,0,1,0,0,0,0,0,0,0,0,0,0,0,0,0,0,0,0,0,0,0,0,0,0,0,0,1,0,0,0,0,0,0,0,0,0,1,0,0,0,0,0,0,0,0,0,0,0,0,0,0,0,0,35BE5F38
https://careerbuilder.vn/vi/tim-viec-lam/digital-marketing-executive-salesforce.35BEF687.html,digital marketing executive (salesforce),CÔNG TY TNHH THỜI TRANG VÀ MỸ PHẨM ÂU CHÂU,Hồ Chí Minh,2023-12-13,2023-11-20,Cạnh tranh,Nhân viên chính thức,Nhân viên,,,,,2.0,5.0,năm,1,0,0,0,0,0,0,0,0,0,0,0,0,0,0,0,0,0,0,0,0,0,0,1,0,0,1,0,0,0,0,0,0,0,0,0,0,0,0,0,0,1,0,0,0,0,0,0,0,0,0,0,0,0,0,35BEF687
https://careerbuilder.vn/vi/tim-viec-lam/chuyen-vien-nghien-cuu-va-phat-trien-san-pham-tenology-r-d.35BDD07F.html,chuyên viên nghiên cứu và phát triển sản phẩm (tenology r&d),TAKI GROUP,Hà Nội,2023-12-17,2023-11-18,15 Tr - 25 Tr VND,Nhân viên chính thức,Nhân viên,,15.0,25.0,VND,1.0,5.0,năm,0,1,0,0,0,0,0,0,0,0,0,1,0,0,0,0,0,0,0,0,0,0,0,1,0,0,0,0,0,0,0,0,0,0,0,0,0,0,0,1,0,0,0,0,0,0,0,0,0,0,0,0,0,0,0,35BDD07F
https://careerbuilder.vn/vi/tim-viec-lam/cv-cvc-quan-tri-va-kiem-dinh-mo-hinh-phong-qtrr-tich-hop-ha-noi-ta107.35BEE38A.html,cv/cvc quản trị và kiểm định mô hình - phòng qtrr tích hợp - hà nội - ta107,Ngân Hàng TMCP Việt Nam Thịnh Vượng - VPBANK,Hà Nội,2023-11-30,2023-11-16,Cạnh tranh,Nhân viên chính thức,Nhân viên,,,,,1.0,,năm,0,1,0,0,0,0,0,0,0,0,0,0,0,1,0,0,0,1,0,0,0,1,0,0,0,0,0,0,0,0,0,0,0,0,0,0,0,0,0,0,0,0,0,0,0,0,0,0,0,0,0,0,0,0,0,35BEE38A
https://careerbuilder.vn/vi/tim-viec-lam/trade-development-executive-north.35BDBB43.html,trade development executive - north,Suntory PepsiCo,Hà Nội,2023-12-05,2023-11-06,Cạnh tranh,Nhân viên chính thức,Nhân viên,,,,,2.0,,năm,0,1,0,0,0,0,0,0,0,0,0,0,0,0,0,0,0,0,0,0,0,0,0,1,0,0,0,0,0,0,0,0,0,0,0,0,0,0,0,0,0,0,0,1,0,0,0,0,0,0,0,0,0,0,0,35BDBB43
https://careerbuilder.vn/vi/tim-viec-lam/quality-control-executive-zumstart-f-b.35BDF4FC.html,quality control executive - zumstart (f&b),Công ty Cổ phần Zumstart,Hồ Chí Minh,2023-12-05,2023-11-06,13 Tr - 17 Tr VND,Nhân viên chính thức,Nhân viên,,13.0,17.0,VND,2.0,4.0,năm,1,0,0,0,0,0,0,0,0,0,0,0,0,0,0,0,0,0,0,0,0,0,0,0,0,1,0,0,0,0,0,0,0,0,0,1,0,0,0,0,0,0,0,0,0,0,0,0,0,0,0,0,0,1,0,35BDF4FC
https://careerbuilder.vn/vi/tim-viec-lam/team-leader-product-marketing.35BEF831.html,team leader -  product marketing,Công ty Cổ phần Dịch vụ Di Động Trực tuyến (Ví MoMo),Hồ Chí Minh,2023-12-14,2023-11-14,Cạnh tranh,Nhân viên chính thức,Trưởng nhóm / Giám sát,,,,,5.0,,năm,1,0,0,0,0,0,0,0,0,0,0,0,0,0,0,0,0,0,0,0,0,0,0,1,0,0,0,0,0,0,0,0,0,0,0,0,0,0,0,0,0,1,0,0,0,0,0,0,0,0,0,0,0,0,0,35BEF831
https://careerbuilder.vn/vi/tim-viec-lam/choice-buyer-merchandiser-sourcing-chinese-speaking.35BED592.html,"choice, buyer/merchandiser/sourcing (chinese speaking)",Công Ty TNHH Chuyển phát nhanh Lazada Việt Nam,Hồ Chí Minh,2023-11-27,2023-11-17,Cạnh tranh,Nhân viên chính thức,Nhân viên,,,,,3.0,,năm,1,0,0,0,0,0,0,0,0,0,0,0,0,0,0,0,0,0,0,1,0,0,0,0,0,0,1,0,0,0,0,0,0,0,0,0,0,0,0,0,0,0,0,0,0,0,0,0,0,0,0,0,0,0,1,35BED592
https://careerbuilder.vn/vi/tim-viec-lam/accounting-officer-aeon-mall-hue-357.35BEED9F.html,accounting officer (aeon mall hue - 357),Công Ty TNHH AEONMALL Việt Nam,Thừa Thiên- Huế,2023-12-07,2023-11-15,8.500000 - 14 Tr VND,Nhân viên chính thức,Nhân viên,,8.5,14.0,VND,,,,0,0,0,0,0,0,0,0,0,0,1,0,0,1,0,0,0,0,0,0,0,1,0,0,0,0,0,1,0,0,0,0,0,0,0,0,0,0,0,0,0,0,0,0,0,0,0,0,0,0,0,0,0,0,0,35BEED9F
https://careerbuilder.vn/vi/tim-viec-lam/marketing-executive.35BE1798.html,marketing executive,Công Ty TNHH Digimall,Hồ Chí Minh,2023-12-23,2023-10-31,13 Tr - 25 Tr VND,Nhân viên chính thức,Nhân viên,,13.0,25.0,VND,1.0,5.0,năm,1,0,0,0,0,0,0,0,0,0,0,0,0,0,0,0,0,0,0,0,0,0,0,1,0,0,1,0,0,0,0,0,0,0,0,0,0,0,0,0,0,1,0,0,0,0,0,0,0,0,0,0,0,0,0,35BE1798
https://careerbuilder.vn/vi/tim-viec-lam/program-analyst-senior-executive-database-developer.35BEDB71.html,program analyst senior executive (database developer),Hanwha Life Insurance Company Limited (Vietnam),Hồ Chí Minh,2023-12-03,2023-11-20,1000 - 1500 USD,Nhân viên chính thức,Nhân viên,,1000.0,1500.0,USD,3.0,5.0,năm,1,0,0,0,0,0,0,0,0,0,0,1,0,0,0,0,1,0,0,0,0,0,0,0,0,0,0,0,0,0,0,0,0,0,0,0,1,0,0,0,0,0,0,0,0,0,0,0,0,0,0,0,0,0,0,35BEDB71
https://careerbuilder.vn/vi/tim-viec-lam/group-financial-analyst.35BE13B0.html,group financial analyst,DatvietVAC Group Holdings,Hồ Chí Minh,2023-11-22,2023-10-23,Cạnh tranh,Nhân viên chính thức,Nhân viên,,,,,3.0,5.0,năm,1,0,0,0,0,0,0,0,0,0,0,0,0,1,0,0,1,0,0,0,0,1,0,0,0,0,0,0,0,0,0,0,0,0,0,0,0,0,0,0,0,0,0,0,0,0,0,0,0,0,0,0,0,0,0,35BE13B0
https://careerbuilder.vn/vi/tim-viec-lam/cinema-marketing-specialist.35BEDAC1.html,cinema marketing specialist,CJ CGV Viet Nam,Hồ Chí Minh,2023-11-30,2023-11-07,Cạnh tranh,Nhân viên chính thức,Nhân viên,,,,,5.0,10.0,năm,1,0,0,0,0,0,0,0,0,0,0,0,0,0,0,0,0,0,0,1,0,0,0,1,0,0,0,0,0,0,0,0,0,0,0,0,0,0,0,0,0,0,0,1,0,0,0,0,0,0,0,0,0,0,0,35BEDAC1
https://careerbuilder.vn/vi/tim-viec-lam/it-team-leader.35BEDD04.html,it team leader,CÔNG TY TNHH BIA CARLSBERG VIỆT NAM,Hồ Chí Minh,2023-11-29,2023-11-07,Cạnh tranh,Nhân viên chính thức,Trưởng nhóm / Giám sát,,,,,6.0,,năm,1,0,0,0,0,0,0,0,0,0,0,0,0,0,0,0,0,0,0,0,0,0,0,0,0,0,0,0,0,0,0,0,0,0,0,0,0,0,0,0,0,0,0,1,0,0,0,0,0,0,0,0,0,0,0,35BEDD04
https://careerbuilder.vn/vi/tim-viec-lam/chuyen-vien-phan-tich-du-lieu.35BDE1EE.html,chuyên viên phân tích dữ liệu,Ngân Hàng TMCP Sài Gòn - Hà Nội ( SHB ),Hà Nội,2023-11-26,2023-10-28,Cạnh tranh,Nhân viên chính thức,Nhân viên,,,,,3.0,,năm,0,1,0,0,0,0,0,0,0,0,0,1,0,1,0,0,0,0,0,0,0,1,0,0,0,0,0,0,0,0,0,0,0,0,0,0,0,0,0,0,0,0,0,0,0,0,0,0,0,0,0,0,0,0,0,35BDE1EE
https://careerbuilder.vn/vi/tim-viec-lam/chuyen-vien-phan-tich-du-lieu-khoi-qtrr.35BED99A.html,chuyên viên phân tích dữ liệu (khối qtrr),Ngân Hàng TMCP Sài Gòn - Hà Nội ( SHB ),Hà Nội,2023-11-28,2023-11-20,Cạnh tranh,Nhân viên chính thức,Nhân viên,,,,,3.0,,năm,0,1,0,0,0,0,0,0,0,0,0,1,0,1,0,0,0,0,0,0,0,1,0,0,0,0,0,0,0,0,0,0,0,0,0,0,0,0,0,0,0,0,0,0,0,0,0,0,0,0,0,0,0,0,0,35BED99A
https://careerbuilder.vn/vi/tim-viec-lam/chuyen-vien-phan-tich-du-lieu.35BDACE6.html,chuyên viên phân tích dữ liệu,Ngân Hàng TMCP Sài Gòn - Hà Nội ( SHB ),Hà Nội,2023-11-26,2023-10-28,Cạnh tranh,Nhân viên chính thức,Nhân viên,,,,,3.0,,năm,0,1,0,0,0,0,0,0,0,0,0,1,0,1,0,0,0,0,0,0,0,1,0,0,0,0,0,0,0,0,0,0,0,0,0,0,0,0,0,0,0,0,0,0,0,0,0,0,0,0,0,0,0,0,0,35BDACE6
