job_link,job_title,comp_name,location,expire_date,update_date,staff_type,salary,job_level,sal_min,sal_max,currency,exp_min,exp_max,exp_measurement,location_Hà Nội,location_Hồ Chí Minh,location_Đồng Nai,location_Bình Dương,location_Hải Dương,location_Đà Nẵng,industry_CNTT - Phần mềm,industry_Kế toán / Kiểm toán,industry_Tài chính / Đầu tư,industry_Ngân hàng,industry_Dịch vụ khách hàng,industry_Thống kê,industry_Ngành khác,industry_Bán hàng / Kinh doanh,industry_Nhân sự,industry_Sản xuất / Vận hành sản xuất,industry_CNTT - Phần cứng / Mạng,industry_Bưu chính viễn thông,industry_Tiếp thị / Marketing,industry_Hành chính / Thư ký,industry_Tiếp thị trực tuyến,industry_Bất động sản,industry_Quản lý điều hành,industry_Bảo hiểm,industry_Biên phiên dịch,industry_Dược phẩm,industry_Chứng khoán,industry_Vận chuyển / Giao nhận /Kho vận,industry_Thu mua / Vật tư,industry_Thực phẩm & Đồ uống,industry_Mới tốt nghiệp / Thực tập,industry_Tư vấn,industry_Bán lẻ / Bán sỉ,industry_Dệt may / Da giày / Thời trang,industry_Hàng gia dụng / Chăm sóc cá nhân,industry_Luật / Pháp lý,industry_Cơ khí / Ô tô / Tự động hóa,industry_Quản lý chất lượng (QA/QC),industry_Quảng cáo / Đối ngoại / Truyền Thông,industry_Giải trí,industry_Y tế / Chăm sóc sức khỏe,job_id
https://careerbuilder.vn/vi/tim-viec-lam/data-analyst.35BDF7D4.html,data analyst,CÔNG TY TNHH GIMASYS,Hà Nội,2023-12-08,2023-11-09,Nhân viên chính thức,Cạnh tranh,Nhân viên,,,,1.0,3.0,năm,1,0,0,0,0,0,1,0,0,0,0,0,0,0,0,0,0,0,0,0,0,0,0,0,0,0,0,0,0,0,0,0,0,0,0,0,0,0,0,0,0,35BDF7D4
https://careerbuilder.vn/vi/tim-viec-lam/data-analyst.35BEF341.html,data analyst,Công ty Cổ phần CANIFA,Hà Nội,2023-11-30,2023-11-17,Nhân viên chính thức,10 Tr - 22 Tr VND,Nhân viên,10.0,22.0,VND,2.0,10.0,năm,1,0,0,0,0,0,1,1,1,0,0,0,0,0,0,0,0,0,0,0,0,0,0,0,0,0,0,0,0,0,0,0,0,0,0,0,0,0,0,0,0,35BEF341
https://careerbuilder.vn/vi/tim-viec-lam/sales-analyst-data-analyst.35BE0428.html,sales analyst/ data analyst,CÔNG TY TNHH TALENTVIS VIỆT NAM,Hà Nội,2023-12-12,2023-11-13,Nhân viên chính thức,30 Tr - 40 Tr VND,Nhân viên,30.0,40.0,VND,3.0,6.0,năm,1,0,0,0,0,0,0,0,1,1,0,0,0,0,0,0,0,0,0,0,0,0,0,0,0,0,0,0,0,0,0,0,0,0,0,0,0,0,0,0,0,35BE0428
https://careerbuilder.vn/vi/tim-viec-lam/workforce-management-data-analyst.35BED9B3.html,workforce management(data analyst),Vietnam Concentrix Services Company Limited,Hồ Chí Minh,2023-11-30,2023-11-06,Nhân viên chính thức,16 Tr - 18 Tr VND,Nhân viên,16.0,18.0,VND,1.0,,năm,0,1,0,0,0,0,0,0,0,0,1,1,1,0,0,0,0,0,0,0,0,0,0,0,0,0,0,0,0,0,0,0,0,0,0,0,0,0,0,0,0,35BED9B3
https://careerbuilder.vn/vi/tim-viec-lam/data-analyst-workforce-management-analyst-supervisor.35BE11A1.html,data analyst/ workforce management analyst supervisor,CHI NHÁNH CÔNG TY TNHH TRANSCOSMOS VIỆT NAM TẠI THÀNH PHỐ HỒ CHÍ MINH,Hồ Chí Minh,2023-11-30,2023-11-03,Nhân viên chính thức,25 Tr - 30 Tr VND,Trưởng nhóm / Giám sát,25.0,30.0,VND,3.0,5.0,năm,0,1,0,0,0,0,0,0,1,0,1,0,0,1,0,0,0,0,0,0,0,0,0,0,0,0,0,0,0,0,0,0,0,0,0,0,0,0,0,0,0,35BE11A1
https://careerbuilder.vn/vi/tim-viec-lam/hr-data-analyst-specialist.35BEE606.html,hr data analyst specialist,CÔNG TY CỔ PHẦN GONSA,Hồ Chí Minh,2023-12-03,2023-11-04,Nhân viên chính thức,Cạnh tranh,Trưởng nhóm / Giám sát,,,,2.0,3.0,năm,0,1,0,0,0,0,1,0,0,0,0,1,0,0,1,0,0,0,0,0,0,0,0,0,0,0,0,0,0,0,0,0,0,0,0,0,0,0,0,0,0,35BEE606
https://careerbuilder.vn/vi/tim-viec-lam/chuyen-vien-data-analyst.35BE10E6.html,chuyên viên data analyst,Công Ty Cổ Phần Vacxin Việt Nam,Hồ Chí Minh,,2023-10-20,Nhân viên chính thức,13 Tr - 18 Tr VND,Nhân viên,13.0,18.0,VND,1.0,2.0,năm,0,1,0,0,0,0,0,1,1,0,0,0,0,0,0,0,0,0,0,0,0,0,0,0,0,0,0,0,0,0,0,0,0,0,0,0,0,0,0,0,0,35BE10E6
https://careerbuilder.vn/vi/tim-viec-lam/nhan-vien-data-analyst.35BEE496.html,nhân viên data analyst,Công Ty Cổ Phần Vacxin Việt Nam,Hồ Chí Minh,2023-11-26,2023-11-03,Nhân viên chính thức,15 Tr - 20 Tr VND,Nhân viên,15.0,20.0,VND,1.0,2.0,năm,0,1,0,0,0,0,0,1,1,1,0,0,0,0,0,0,0,0,0,0,0,0,0,0,0,0,0,0,0,0,0,0,0,0,0,0,0,0,0,0,0,35BEE496
https://careerbuilder.vn/vi/tim-viec-lam/senior-data-analyst.35BE0D20.html,senior data analyst,CÔNG TY CỔ PHẦN KINH DOANH F88,Hà Nội,2023-12-17,2023-11-18,Nhân viên chính thức,22 Tr - 30 Tr VND,Nhân viên,22.0,30.0,VND,2.0,4.0,năm,1,0,0,0,0,0,1,0,0,0,0,0,0,0,0,0,0,0,0,0,0,0,0,0,0,0,0,0,0,0,0,0,0,0,0,0,0,0,0,0,0,35BE0D20
https://careerbuilder.vn/vi/tim-viec-lam/data-analyst-executive.35BDF721.html,data analyst executive,Công ty TNHH Olam Việt Nam - Chi Nhánh Long Bình,Đồng Nai,2023-12-08,2023-11-09,Nhân viên chính thức,Cạnh tranh,Nhân viên,,,,5.0,10.0,năm,0,0,1,0,0,0,0,1,1,0,0,0,0,0,0,1,0,0,0,0,0,0,0,0,0,0,0,0,0,0,0,0,0,0,0,0,0,0,0,0,0,35BDF721
https://careerbuilder.vn/vi/tim-viec-lam/senior-data-analyst.35BEF4FD.html,senior data analyst,Yes4All Trading Services Company Limited,Hồ Chí Minh,2023-12-11,2023-11-19,Nhân viên chính thức,Cạnh tranh,Nhân viên,,,,2.0,3.0,năm,0,1,0,0,0,0,1,0,0,0,0,0,0,0,0,0,1,0,0,0,0,0,0,0,0,0,0,0,0,0,0,0,0,0,0,0,0,0,0,0,0,35BEF4FD
https://careerbuilder.vn/vi/tim-viec-lam/data-analyst-workforce-management-analyst-six-months-contract.35BE124E.html,data analyst/ workforce management analyst (six-months contract),CHI NHÁNH CÔNG TY TNHH TRANSCOSMOS VIỆT NAM TẠI THÀNH PHỐ HỒ CHÍ MINH,Hồ Chí Minh,2023-11-21,2023-10-28,Nhân viên chính thức,Cạnh tranh,Nhân viên,,,,1.0,,đến1năm,0,1,0,0,0,0,1,0,0,0,1,0,0,0,0,0,0,1,0,0,0,0,0,0,0,0,0,0,0,0,0,0,0,0,0,0,0,0,0,0,0,35BE124E
https://careerbuilder.vn/vi/tim-viec-lam/senior-data-analyst-growth-marketing.35BEF840.html,"senior data analyst, growth & marketing",Công ty Cổ phần Dịch vụ Di Động Trực tuyến (Ví MoMo),Hồ Chí Minh,2023-12-15,2023-11-14,Nhân viên chính thức,Cạnh tranh,Nhân viên,,,,3.0,,năm,0,1,0,0,0,0,1,0,1,0,0,0,0,0,0,0,0,0,1,0,0,0,0,0,0,0,0,0,0,0,0,0,0,0,0,0,0,0,0,0,0,35BEF840
https://careerbuilder.vn/vi/tim-viec-lam/data-analyst-khoi-du-lieu.35BEE31B.html,data analyst - khối dữ liệu,Ngân Hàng TMCP Quân Đội,Hà Nội,2023-12-31,2023-11-16,Nhân viên chính thức,Cạnh tranh,Nhân viên,,,,2.0,5.0,năm,1,0,0,0,0,0,1,1,0,1,0,0,0,0,0,0,0,0,0,0,0,0,0,0,0,0,0,0,0,0,0,0,0,0,0,0,0,0,0,0,0,35BEE31B
https://careerbuilder.vn/vi/tim-viec-lam/middle-senior-data-analyst.35BEF788.html,middle/senior data analyst,CÔNG TY CỔ PHẦN KINH DOANH F88,Hà Nội,2023-12-31,2023-11-13,Nhân viên chính thức,20 Tr - 32 Tr VND,Nhân viên,20.0,32.0,VND,2.0,5.0,năm,1,0,0,0,0,0,1,0,0,0,0,0,0,0,0,0,0,0,0,0,0,0,0,0,0,0,0,0,0,0,0,0,0,0,0,0,0,0,0,0,0,35BEF788
https://careerbuilder.vn/vi/tim-viec-lam/payroll-coordinator-cum-hr-data-analyst.35BEE1A3.html,payroll coordinator cum hr data analyst,VINA-BAT JOINT VENTURE COMPANY LIMITED,Hồ Chí Minh,2023-12-01,2023-11-01,Nhân viên chính thức,19 Tr - 25 Tr VND,Nhân viên,19.0,25.0,VND,2.0,,năm,0,1,0,0,0,0,0,0,0,0,0,0,0,0,1,0,0,0,0,0,0,0,0,0,0,0,0,0,0,0,0,0,0,0,0,0,0,0,0,0,0,35BEE1A3
https://careerbuilder.vn/vi/tim-viec-lam/hn-chuyen-vien-phan-tich-du-lieu-data-analyst.35BE1F06.html,[hn] chuyên viên phân tích dữ liệu (data analyst),Công ty Cổ phần tập đoàn Vinatech Việt Nam,Hà Nội,2023-11-30,2023-11-02,Nhân viên chính thức,15 Tr - 30 Tr VND,Nhân viên,15.0,30.0,VND,2.0,3.0,năm,1,0,0,0,0,0,0,1,1,0,0,0,0,0,0,0,0,0,0,0,0,0,0,0,0,0,0,0,0,0,0,0,0,0,0,0,0,0,0,0,0,35BE1F06
https://careerbuilder.vn/vi/tim-viec-lam/chuyen-vien-phan-tich-du-lieu-data-analyst.35BE156C.html,chuyên viên phân tích dữ liệu (data analyst),Công ty Cổ phần CANIFA,Hà Nội,,2023-10-23,Nhân viên chính thức,11 Tr - 23 Tr VND,Nhân viên,11.0,23.0,VND,2.0,10.0,năm,1,0,0,0,0,0,1,1,0,0,0,1,0,0,0,0,0,0,0,0,0,0,0,0,0,0,0,0,0,0,0,0,0,0,0,0,0,0,0,0,0,35BE156C
https://careerbuilder.vn/vi/tim-viec-lam/r-d-data-analyst-chuyen-vien-du-lieu-r-d.35BF00BC.html,r&d data analyst – chuyên viên dữ liệu r&d,CÔNG TY CỔ PHẦN MAYCHA,Hồ Chí Minh,2023-12-17,2023-11-17,Nhân viên chính thức,10 Tr - 15 Tr VND,Nhân viên,10.0,15.0,VND,2.0,,năm,0,1,0,0,0,0,0,1,0,0,0,0,0,0,1,0,0,0,0,1,0,0,0,0,0,0,0,0,0,0,0,0,0,0,0,0,0,0,0,0,0,35BF00BC
https://careerbuilder.vn/vi/tim-viec-lam/data-analyst-18tr-28tr.35BEE5EE.html,data analyst (18tr - 28tr),Công ty TNHH Thiên Thủy Mộc,Hồ Chí Minh,2023-11-30,2023-11-10,Nhân viên chính thức,18 Tr - 30 Tr VND,Nhân viên,18.0,30.0,VND,2.0,5.0,năm,0,1,0,0,0,0,0,0,0,0,0,0,0,0,0,0,0,0,1,0,1,0,0,0,0,0,0,0,0,0,0,0,0,0,0,0,0,0,0,0,0,35BEE5EE
https://careerbuilder.vn/vi/tim-viec-lam/chuyen-vien-quan-tri-co-so-du-lieu-database-administrator.35BDEACF.html,chuyên viên quản trị cơ sở dữ liệu (database administrator),CÔNG TY TÀI CHÍNH BƯU ĐIỆN,Hà Nội,2023-12-01,2023-11-02,Nhân viên chính thức,18 Tr - 23 Tr VND,Nhân viên,18.0,23.0,VND,1.0,3.0,năm,1,0,0,0,0,0,1,0,1,1,0,0,0,0,0,0,0,0,0,0,0,0,0,0,0,0,0,0,0,0,0,0,0,0,0,0,0,0,0,0,0,35BDEACF
https://careerbuilder.vn/vi/tim-viec-lam/cv-nv-quan-tri-co-so-du-lieu-dba-khoi-cntt.35BEF9EE.html,cv/nv quản trị cơ sở dữ liệu (dba) - khối cntt,Ngân hàng Việt Nam Thương Tín,Hồ Chí Minh,2023-12-31,2023-11-16,Nhân viên chính thức,10 Tr - 30 Tr VND,Nhân viên,10.0,30.0,VND,1.0,3.0,3năm,0,1,0,0,0,0,1,0,0,1,0,1,0,0,0,0,0,0,0,0,0,0,0,0,0,0,0,0,0,0,0,0,0,0,0,0,0,0,0,0,0,35BEF9EE
https://careerbuilder.vn/vi/tim-viec-lam/chuyen-vien-phat-trien-ung-dung-va-quan-tri-co-so-du-lieu.35BDB143.html,chuyên viên phát triển ứng dụng và quản trị cơ sở dữ liệu,Công Ty Cổ Phần Địa Ốc Phú Long,Hồ Chí Minh,2023-11-28,2023-10-30,Nhân viên chính thức,Cạnh tranh,Nhân viên,,,,2.0,5.0,năm,0,1,0,0,0,0,1,0,0,0,0,0,0,0,0,0,1,0,0,0,0,1,0,0,0,0,0,0,0,0,0,0,0,0,0,0,0,0,0,0,0,35BDB143
https://careerbuilder.vn/vi/tim-viec-lam/data-report-team-leader.35BEDBE7.html,data report team leader,Vietnam Concentrix Services Company Limited,Hồ Chí Minh,2023-11-30,2023-11-13,Nhân viên chính thức,19 Tr - 23 Tr VND,Trưởng nhóm / Giám sát,19.0,23.0,VND,1.0,3.0,năm,0,1,0,0,0,0,1,0,0,0,1,0,1,0,0,0,0,0,0,0,0,0,0,0,0,0,0,0,0,0,0,0,0,0,0,0,0,0,0,0,0,35BEDBE7
https://careerbuilder.vn/vi/tim-viec-lam/workforce-management-supervisor.35BED5F0.html,workforce management supervisor,Vietnam Concentrix Services Company Limited,Hồ Chí Minh,2023-11-27,2023-11-17,Nhân viên chính thức,20 Tr - 31 Tr VND,Trưởng nhóm / Giám sát,20.0,31.0,VND,1.0,,năm,0,1,0,0,0,0,0,0,0,0,0,0,0,0,0,0,0,0,0,0,0,0,1,0,0,0,0,0,0,0,0,0,0,0,0,0,0,0,0,0,0,35BED5F0
https://careerbuilder.vn/vi/tim-viec-lam/program-analyst-senior-executive-database-developer.35BEDB71.html,program analyst senior executive (database developer),Hanwha Life Insurance Company Limited (Vietnam),Hồ Chí Minh,2023-12-03,2023-11-13,Nhân viên chính thức,1.000 - 1.500 USD,Nhân viên,1.0,1.5,USD,3.0,5.0,năm,0,1,0,0,0,0,1,0,1,0,0,0,0,0,0,0,0,0,0,0,0,0,0,1,0,0,0,0,0,0,0,0,0,0,0,0,0,0,0,0,0,35BEDB71
https://careerbuilder.vn/vi/tim-viec-lam/ict-system-database-administrator.35BEFBAB.html,ict system & database administrator,Indo Trans Logistics,Hồ Chí Minh,2023-12-15,2023-11-15,Nhân viên chính thức,Cạnh tranh,Nhân viên,,,,2.0,,năm,0,1,0,0,0,0,1,0,0,0,0,0,0,0,0,0,1,0,0,0,0,0,0,0,0,0,0,0,0,0,0,0,0,0,0,0,0,0,0,0,0,35BEFBAB
https://careerbuilder.vn/vi/tim-viec-lam/truong-nhom-quan-tri-co-so-du-lieu-dba.35BDA14F.html,trưởng nhóm quản trị cơ sở dữ liệu (dba),"HD Saison Finance Co., Ltd",Hồ Chí Minh,2023-11-19,2023-10-21,Nhân viên chính thức,Cạnh tranh,Trưởng nhóm / Giám sát,,,,3.0,5.0,năm,0,1,0,0,0,0,1,0,0,1,0,0,0,0,0,0,0,0,0,0,0,0,0,0,0,0,0,0,0,0,0,0,0,0,0,0,0,0,0,0,0,35BDA14F
https://careerbuilder.vn/vi/tim-viec-lam/chuyen-vien-nghien-cuu-va-phat-trien-san-pham-tenology-r-d.35BDD07F.html,chuyên viên nghiên cứu và phát triển sản phẩm (tenology r&d),TAKI GROUP,Hà Nội,2023-12-17,2023-11-18,Nhân viên chính thức,15 Tr - 25 Tr VND,Nhân viên,15.0,25.0,VND,1.0,5.0,năm,1,0,0,0,0,0,1,0,0,0,0,0,0,0,0,0,0,0,1,0,0,0,0,0,1,0,0,0,0,0,0,0,0,0,0,0,0,0,0,0,0,35BDD07F
https://careerbuilder.vn/vi/tim-viec-lam/nhan-vien-xu-ly-du-lieu.35BEF14D.html,nhân viên xử lý dữ liệu,Wanek Furniture,Bình Dương,2023-12-09,2023-11-16,Nhân viên chính thức,Cạnh tranh,Nhân viên,,,,2.0,,năm,0,0,0,1,0,0,0,0,0,0,0,1,0,0,0,1,0,0,0,1,0,0,0,0,0,0,0,0,0,0,0,0,0,0,0,0,0,0,0,0,0,35BEF14D
https://careerbuilder.vn/vi/tim-viec-lam/data-science-manager.35BDA15F.html,data science manager,"HD Saison Finance Co., Ltd",Hồ Chí Minh,2023-11-19,2023-10-21,Nhân viên chính thức,Cạnh tranh,Quản lý,,,,3.0,5.0,năm,0,1,0,0,0,0,1,0,1,0,0,0,1,0,0,0,0,0,0,0,0,0,0,0,0,0,0,0,0,0,0,0,0,0,0,0,0,0,0,0,0,35BDA15F
https://careerbuilder.vn/vi/tim-viec-lam/sales-planning-and-performance-analyst.35BE0867.html,sales planning and performance analyst,Yes4All Trading Services Company Limited,Hồ Chí Minh,2023-12-15,2023-11-16,Nhân viên chính thức,Cạnh tranh,Nhân viên,,,,1.0,2.0,năm,0,1,0,0,0,0,1,0,0,0,0,0,0,0,0,0,0,0,1,0,1,0,0,0,0,0,0,0,0,0,0,0,0,0,0,0,0,0,0,0,0,35BE0867
https://careerbuilder.vn/vi/tim-viec-lam/data-operation-engineer.35BEF61A.html,data operation engineer,Tổng công ty Cổ phần Bảo hiểm Bưu điện,Hà Nội,2023-11-30,2023-11-13,Nhân viên chính thức,Cạnh tranh,Nhân viên,,,,1.0,3.0,năm,1,0,0,0,0,0,1,0,0,0,0,0,0,0,0,0,0,0,0,0,0,0,0,0,0,0,0,0,0,0,0,0,0,0,0,0,0,0,0,0,0,35BEF61A
https://careerbuilder.vn/vi/tim-viec-lam/chuyen-gia-chuyen-vien-cao-cap-quan-tri-co-so-du-lieu-dba-khoi-cntt.35BDB984.html,chuyên gia/chuyên viên cao cấp quản trị cơ sở dữ liệu (dba) - khối cntt,Ngân Hàng TMCP Quân Đội,Hà Nội,2023-12-04,2023-11-05,Nhân viên chính thức,Cạnh tranh,Nhân viên,,,,5.0,8.0,năm,1,0,0,0,0,0,1,0,0,1,0,0,0,0,0,0,1,0,0,0,0,0,0,0,0,0,0,0,0,0,0,0,0,0,0,0,0,0,0,0,0,35BDB984
https://careerbuilder.vn/vi/tim-viec-lam/chuyen-vien-quan-tri-co-so-du-lieu-phong-mis-khoi-tai-chinh-ke-toan.35BDC031.html,"chuyên viên quản trị cơ sở dữ liệu, phòng mis, khối tài chính kế toán",Ngân hàng TMCP Đại Chúng Việt Nam - PVcomBank,Hà Nội,2023-12-07,2023-11-08,Nhân viên chính thức,Cạnh tranh,Nhân viên,,,,1.0,2.0,năm,1,0,0,0,0,0,0,0,0,1,0,0,0,0,0,0,0,0,0,0,0,0,0,0,0,0,0,0,0,0,0,0,0,0,0,0,0,0,0,0,0,35BDC031
https://careerbuilder.vn/vi/tim-viec-lam/chuyen-vien-quan-tri-co-so-du-lieu-phong-van-hanh-ung-dung-k-cntt.35BDFE75.html,chuyên viên quản trị cơ sở dữ liệu - phòng vận hành ứng dụng - k.cntt,Ngân hàng TMCP Đại Chúng Việt Nam - PVcomBank,Hà Nội,2023-12-10,2023-11-11,Nhân viên chính thức,Cạnh tranh,Nhân viên,,,,1.0,5.0,năm,1,0,0,0,0,0,1,0,0,1,0,0,0,0,0,0,1,0,0,0,0,0,0,0,0,0,0,0,0,0,0,0,0,0,0,0,0,0,0,0,0,35BDFE75
https://careerbuilder.vn/vi/tim-viec-lam/chuyen-vien-quan-tri-co-so-du-lieu-phong-van-hanh-ung-dung-k-cntt.35BEEB4D.html,chuyên viên quản trị cơ sở dữ liệu - phòng vận hành ứng dụng - k.cntt,Ngân hàng TMCP Đại Chúng Việt Nam - PVcomBank,Hà Nội,2023-11-30,2023-11-14,Nhân viên chính thức,Cạnh tranh,Nhân viên,,,,1.0,5.0,năm,1,0,0,0,0,0,1,0,0,1,0,0,0,0,0,0,1,0,0,0,0,0,0,0,0,0,0,0,0,0,0,0,0,0,0,0,0,0,0,0,0,35BEEB4D
https://careerbuilder.vn/vi/tim-viec-lam/chuyen-gia-chuyen-vien-cao-cap-quan-tri-co-so-du-lieu-dba-khoi-cntt.35BEDC59.html,chuyên gia/chuyên viên cao cấp quản trị cơ sở dữ liệu (dba) - khối cntt,Ngân Hàng TMCP Quân Đội,Hà Nội,2023-11-30,2023-11-14,Nhân viên chính thức,Cạnh tranh,Nhân viên,,,,3.0,5.0,năm,1,0,0,0,0,0,1,0,0,1,0,0,0,0,0,0,1,0,0,0,0,0,0,0,0,0,0,0,0,0,0,0,0,0,0,0,0,0,0,0,0,35BEDC59
https://careerbuilder.vn/vi/tim-viec-lam/chuyen-vien-quan-tri-co-so-du-lieu-phong-mis-khoi-tai-chinh-ke-toan.35BE13C6.html,"chuyên viên quản trị cơ sở dữ liệu, phòng mis, khối tài chính kế toán",Ngân hàng TMCP Đại Chúng Việt Nam - PVcomBank,Hà Nội,2023-11-23,2023-11-16,Nhân viên chính thức,Cạnh tranh,Nhân viên,,,,1.0,2.0,năm,1,0,0,0,0,0,0,0,0,1,0,0,0,0,0,0,0,0,0,0,0,0,0,0,0,0,0,0,0,0,0,0,0,0,0,0,0,0,0,0,0,35BE13C6
https://careerbuilder.vn/vi/tim-viec-lam/chuyen-vien-quan-tri-co-so-du-lieu-dba-khoi-cntt.35BE139D.html,chuyên viên quản trị cơ sở dữ liệu (dba) - khối cntt,Ngân Hàng TMCP Quân Đội,Hà Nội,2023-11-30,2023-11-13,Nhân viên chính thức,Cạnh tranh,Nhân viên,,,,1.0,5.0,năm,1,0,0,0,0,0,1,0,0,1,0,0,0,0,0,0,1,0,0,0,0,0,0,0,0,0,0,0,0,0,0,0,0,0,0,0,0,0,0,0,0,35BE139D
https://careerbuilder.vn/vi/tim-viec-lam/nhan-vien-phan-tich-kinh-doanh-business-analyst.35BEFE0C.html,nhân viên phân tích kinh doanh (business analyst),CÔNG TY TNHH GIÁO DỤC WEGROW VIỆT NAM,Hà Nội,2023-12-31,2023-11-16,Nhân viên chính thức,12 Tr - 17 Tr VND,Nhân viên,12.0,17.0,VND,1.0,5.0,năm,1,0,0,0,0,0,0,0,0,0,0,0,0,1,0,0,0,0,0,0,0,0,0,0,0,0,0,0,0,0,0,0,0,0,0,0,0,0,0,0,0,35BEFE0C
https://careerbuilder.vn/vi/tim-viec-lam/fresher-data-processing.35BE1D0D.html,fresher data processing,CÔNG TY CỔ PHẦN GONSA,Hồ Chí Minh,2023-11-26,2023-10-28,Nhân viên chính thức,Cạnh tranh,Nhân viên,,,,,,,0,1,0,0,0,0,1,0,0,0,0,0,0,0,0,0,1,0,0,0,0,0,0,0,0,1,0,0,0,0,0,0,0,0,0,0,0,0,0,0,0,35BE1D0D
https://careerbuilder.vn/vi/tim-viec-lam/chuyen-vien-phat-trien-san-pham-product-owner.35BEFE11.html,chuyên viên phát triển sản phẩm (product owner),CÔNG TY TNHH GIÁO DỤC WEGROW VIỆT NAM,Hà Nội,2023-12-31,2023-11-16,Nhân viên chính thức,15 Tr - 25 Tr VND,Trưởng nhóm / Giám sát,15.0,25.0,VND,1.0,5.0,năm,1,0,0,0,0,0,0,0,0,0,0,0,0,1,0,0,0,0,0,0,0,0,0,0,0,0,0,0,0,0,0,0,0,0,0,0,0,0,0,0,0,35BEFE11
https://careerbuilder.vn/vi/tim-viec-lam/data-operation-engineer.35BDFDC0.html,data operation engineer,Công Ty CP Chứng Khoán VNDIRECT,Hà Nội,2023-12-10,2023-11-11,Nhân viên chính thức,Cạnh tranh,Nhân viên,,,,1.0,3.0,năm,1,0,0,0,0,0,1,0,1,0,0,0,0,0,0,0,0,0,0,0,0,0,0,0,0,0,1,0,0,0,0,0,0,0,0,0,0,0,0,0,0,35BDFDC0
https://careerbuilder.vn/vi/tim-viec-lam/data-intelligent-analyst-plant-coordinator-thuong-tin-ha-noi.35BDD972.html,"data intelligent analyst & plant coordinator - thường tín, hà nội",Coca-Cola,Hà Nội,2023-11-20,2023-10-22,Thời vụ/ Nghề tự do,Cạnh tranh,Nhân viên,,,,1.0,10.0,năm,1,0,0,0,0,0,0,0,0,0,0,1,0,0,0,0,0,0,0,1,0,0,0,0,0,0,0,0,0,0,0,0,0,0,0,0,0,0,0,0,0,35BDD972
https://careerbuilder.vn/vi/tim-viec-lam/ecommerce-executive-intern.35BA263F.html,ecommerce executive intern,Adtek - Growth Marketing Agency,Hồ Chí Minh,2023-12-17,2023-11-17,Thực tập,Cạnh tranh,Sinh viên/ Thực tập sinh,,,,,,,0,1,0,0,0,0,0,0,0,0,0,0,0,0,0,0,0,0,1,0,0,0,0,0,0,0,0,0,0,0,0,0,0,0,0,0,0,0,0,0,0,35BA263F
https://careerbuilder.vn/vi/tim-viec-lam/data-intern.35BEEEAE.html,data intern,Công ty CP Thành Thành Công - Biên Hòa,Hồ Chí Minh,2023-12-08,2023-11-08,Thực tập,Cạnh tranh,Sinh viên/ Thực tập sinh,,,,,,,0,1,0,0,0,0,1,0,0,0,0,0,1,0,0,0,1,0,0,0,0,0,0,0,0,0,0,0,0,0,0,0,0,0,0,0,0,0,0,0,0,35BEEEAE
https://careerbuilder.vn/vi/tim-viec-lam/business-development-executive-zalopay-global-partnership.35BEFC27.html,business development executive (zalopay - global partnership),Công Ty Cổ Phần VNG,Hồ Chí Minh,2023-12-15,2023-11-15,Nhân viên chính thức,Cạnh tranh,Nhân viên,,,,1.0,3.0,năm,0,1,0,0,0,0,1,0,0,0,0,0,0,1,0,0,0,0,1,0,0,0,0,0,0,0,0,0,0,0,0,0,0,0,0,0,0,0,0,0,0,35BEFC27
https://careerbuilder.vn/vi/tim-viec-lam/nhan-vien-tu-van-trai-nghiem-khach-hang-truc-tuyen.35BEF3D9.html,nhân viên tư vấn trải nghiệm khách hàng trực tuyến,TECHCOMBANK,Hồ Chí Minh,2023-12-10,2023-11-10,Nhân viên chính thức,14 Tr - 17 Tr VND,Nhân viên,14.0,17.0,VND,,,,0,1,0,0,0,0,0,0,1,1,0,0,0,0,0,0,0,0,0,0,0,0,0,0,0,0,1,0,0,0,0,0,0,0,0,0,0,0,0,0,0,35BEF3D9
https://careerbuilder.vn/vi/tim-viec-lam/operational-excellence-team-leader.35BEFB79.html,operational excellence team leader,Công ty Cổ phần Dịch vụ Di Động Trực tuyến (Ví MoMo),Hồ Chí Minh,2023-12-14,2023-11-15,Nhân viên chính thức,Cạnh tranh,Trưởng nhóm / Giám sát,,,,3.0,4.0,năm,0,1,0,0,0,0,0,0,0,0,1,0,0,0,0,0,0,0,0,0,1,0,0,0,0,0,0,0,0,0,0,0,0,0,0,0,0,0,0,0,0,35BEFB79
https://careerbuilder.vn/vi/tim-viec-lam/data-engineer.35BF0168.html,data engineer,Yes4All Trading Services Company Limited,Hồ Chí Minh,2023-12-19,2023-11-19,Nhân viên chính thức,Cạnh tranh,Nhân viên,,,,1.0,2.0,năm,0,1,0,0,0,0,1,0,0,0,0,0,0,0,0,0,1,0,0,0,0,0,0,0,0,0,0,0,0,0,0,0,0,0,0,0,0,0,0,0,0,35BF0168
https://careerbuilder.vn/vi/tim-viec-lam/chuyen-vien-tu-van-trai-nghiem-khach-hang-truc-tuyen.35BEF96B.html,chuyên viên tư vấn trải nghiệm khách hàng trực tuyến,TECHCOMBANK,Hồ Chí Minh,2023-12-14,2023-11-14,Nhân viên chính thức,Trên14 Tr VND,Nhân viên,14.0,,VND,3.0,,năm,0,1,0,0,0,0,1,0,0,1,0,0,0,0,0,0,0,0,0,0,0,0,0,0,0,0,1,0,0,0,0,0,0,0,0,0,0,0,0,0,0,35BEF96B
https://careerbuilder.vn/vi/tim-viec-lam/data-engineer.35BDE963.html,data engineer,CÔNG TY TNHH GIMASYS,Hà Nội,2023-12-01,2023-11-02,Nhân viên chính thức,Cạnh tranh,Nhân viên,,,,1.0,3.0,năm,1,0,0,0,0,0,1,0,0,0,0,0,0,0,0,0,0,0,0,0,0,0,0,0,0,0,0,0,0,0,0,0,0,0,0,0,0,0,0,0,0,35BDE963
https://careerbuilder.vn/vi/tim-viec-lam/truong-phong-truong-bo-phan-phan-tich-khai-thac-du-lieu.35BDABE2.html,"trưởng phòng/trưởng bộ phận phân tích, khai thác dữ liệu",Ngân Hàng TMCP Tiên Phong (TPBank),Hà Nội,2023-11-24,2023-10-26,Thời vụ/ Nghề tự do,Cạnh tranh,Quản lý,,,,8.0,12.0,năm,1,0,0,0,0,0,1,0,1,1,0,0,0,0,0,0,0,0,0,0,0,0,0,0,0,0,0,0,0,0,0,0,0,0,0,0,0,0,0,0,0,35BDABE2
https://careerbuilder.vn/vi/tim-viec-lam/senior-inventory-controller.35BEEBA7.html,senior inventory controller,Công ty TNHH Onpoint,Hồ Chí Minh,2023-11-30,2023-11-14,Nhân viên chính thức,Cạnh tranh,Nhân viên,,,,2.0,4.0,năm,0,1,0,0,0,0,0,1,0,0,0,0,0,0,0,0,0,0,0,0,0,0,0,0,0,0,0,1,1,0,0,0,0,0,0,0,0,0,0,0,0,35BEEBA7
https://careerbuilder.vn/vi/tim-viec-lam/trade-marketing-team-lead-kenh-horeca.35BEFC6D.html,trade marketing team lead (kênh horeca),CÔNG TY CỔ PHẦN ONE MOUNT GROUP,Hà Nội,2023-12-28,2023-11-16,Nhân viên chính thức,Cạnh tranh,Trưởng nhóm / Giám sát,,,,2.0,3.0,năm,1,0,0,0,0,0,0,0,0,0,0,0,0,1,0,0,0,0,1,0,0,0,0,0,0,0,0,0,0,1,0,0,0,0,0,0,0,0,0,0,0,35BEFC6D
https://careerbuilder.vn/vi/tim-viec-lam/cong-tac-vien-phan-tich-kinh-doanh-ha-noi-ta139.35BED593.html,cộng tác viên phân tích kinh doanh - hà nội - ta139,Ngân Hàng TMCP Việt Nam Thịnh Vượng - VPBANK,Hà Nội,2023-11-23,2023-11-17,Nhân viên chính thức,Cạnh tranh,Mới tốt nghiệp,,,,,,,1,0,0,0,0,0,1,0,0,1,0,0,0,0,0,0,0,0,0,0,0,0,0,0,0,0,0,0,0,0,1,0,0,0,0,0,0,0,0,0,0,35BED593
https://careerbuilder.vn/vi/tim-viec-lam/cong-tac-vien-phan-tich-kinh-doanh-ha-noi-ta139.35BED6A2.html,cộng tác viên phân tích kinh doanh - hà nội - ta139,Ngân Hàng TMCP Việt Nam Thịnh Vượng - VPBANK,Hà Nội,2023-11-23,2023-11-18,Nhân viên chính thức,Cạnh tranh,Mới tốt nghiệp,,,,,,,1,0,0,0,0,0,1,0,0,1,0,0,0,0,0,0,0,0,0,0,0,0,0,0,0,0,0,0,0,0,1,0,0,0,0,0,0,0,0,0,0,35BED6A2
https://careerbuilder.vn/vi/tim-viec-lam/ifrs-accountant.35BDD2DF.html,ifrs accountant,Shinhan Bank Vietnam,Hồ Chí Minh,2023-12-18,2023-11-19,Nhân viên chính thức,Cạnh tranh,Nhân viên,,,,3.0,,năm,0,1,0,0,0,0,0,1,0,1,0,0,0,0,0,0,0,0,0,0,0,0,0,0,0,0,0,0,0,0,0,1,0,0,0,0,0,0,0,0,0,35BDD2DF
https://careerbuilder.vn/vi/tim-viec-lam/senior-supply-chain-analyst.35BEE24E.html,senior/ supply chain analyst,Yes4All Trading Services Company Limited,Hồ Chí Minh,2023-11-30,2023-11-16,Nhân viên chính thức,Cạnh tranh,Nhân viên,,,,1.0,5.0,năm,0,1,0,0,0,0,1,0,0,0,0,1,0,1,0,0,0,0,0,0,0,0,0,0,0,0,0,0,0,0,0,0,0,0,0,0,0,0,0,0,0,35BEE24E
https://careerbuilder.vn/vi/tim-viec-lam/hr-analyst.35BEF539.html,hr analyst,Yes4All Trading Services Company Limited,Hồ Chí Minh,2023-12-11,2023-11-13,Nhân viên chính thức,Cạnh tranh,Nhân viên,,,,2.0,3.0,năm,0,1,0,0,0,0,1,0,0,0,0,0,0,0,1,0,0,0,0,0,0,0,1,0,0,0,0,0,0,0,0,0,0,0,0,0,0,0,0,0,0,35BEF539
https://careerbuilder.vn/vi/tim-viec-lam/jhc0032110-senior-marketing-executive-strong-content-marketing-strategy.35BEEA00.html,[jhc0032110] senior marketing executive (strong content marketing strategy),"Iconic Co.,Ltd",Hồ Chí Minh,2023-12-06,2023-11-14,Nhân viên chính thức,20 Tr - 22 Tr VND,Trưởng nhóm / Giám sát,20.0,22.0,VND,3.0,5.0,năm,0,1,0,0,0,0,0,0,0,0,0,0,0,0,0,0,0,0,1,0,0,1,0,0,0,0,0,0,0,0,0,0,0,0,0,0,0,0,0,0,0,35BEEA00
https://careerbuilder.vn/vi/tim-viec-lam/senior-merchandising-specialist.35BEF77C.html,senior merchandising specialist,CÔNG TY CỔ PHẦN ONE MOUNT GROUP,Hà Nội,2023-12-28,2023-11-14,,,,,,,,,,1,0,0,0,0,0,0,0,0,0,0,0,0,0,0,0,0,0,0,0,0,0,0,0,0,0,0,0,0,0,0,0,0,0,0,0,0,0,0,0,0,35BEF77C
https://careerbuilder.vn/vi/tim-viec-lam/senior-sales-effectiveness-specialist.35BDDF95.html,senior sales effectiveness specialist,IDEAL LIFE JSC - CÔNG TY CỔ PHẦN TƯ VẤN IDEAL LIFE,Hồ Chí Minh,2023-11-30,2023-10-27,Nhân viên chính thức,16 Tr - 28 Tr VND,Nhân viên,16.0,28.0,VND,3.0,,năm,0,1,0,0,0,0,1,0,0,1,0,0,0,0,0,0,0,0,0,0,0,0,0,1,0,0,0,0,0,0,0,0,0,0,0,0,0,0,0,0,0,35BDDF95
https://careerbuilder.vn/vi/tim-viec-lam/data-product-owner-ha-noi-ta139.35BDDFB2.html,data product owner - hà nội - ta139,Ngân Hàng TMCP Việt Nam Thịnh Vượng - VPBANK,Hà Nội,2023-11-25,2023-10-27,Nhân viên chính thức,Cạnh tranh,Trưởng nhóm / Giám sát,,,,4.0,7.0,năm,1,0,0,0,0,0,1,0,0,1,0,0,0,0,0,0,0,0,0,0,0,0,1,0,0,0,0,0,0,0,0,0,0,0,0,0,0,0,0,0,0,35BDDFB2
https://careerbuilder.vn/vi/tim-viec-lam/data-partner-chuyen-vien-cao-cap-doi-tac-du-lieu-ha-noi-ta139.35BDDFA9.html,data partner – chuyên viên cao cấp đối tác dữ liệu - hà nội - ta139,Ngân Hàng TMCP Việt Nam Thịnh Vượng - VPBANK,Hà Nội,2023-11-25,2023-10-27,Nhân viên chính thức,Cạnh tranh,Trưởng nhóm / Giám sát,,,,4.0,7.0,năm,1,0,0,0,0,0,1,0,0,1,0,0,0,0,0,0,0,0,0,0,0,0,1,0,0,0,0,0,0,0,0,0,0,0,0,0,0,0,0,0,0,35BDDFA9
https://careerbuilder.vn/vi/tim-viec-lam/financial-analyst.35BED5ED.html,financial analyst,PMAX - Total Performance Marketing Company,Hồ Chí Minh,2023-11-26,2023-10-27,Nhân viên chính thức,Cạnh tranh,Nhân viên,,,,2.0,,năm,0,1,0,0,0,0,0,0,1,1,0,0,0,0,0,0,0,0,0,0,0,0,0,0,0,0,0,0,0,0,0,0,0,0,0,0,0,0,0,0,0,35BED5ED
https://careerbuilder.vn/vi/tim-viec-lam/chuyen-vien-phan-tich-du-lieu-khoi-cntt.35BDE3D8.html,chuyên viên phân tích dữ liệu (khối cntt),Ngân Hàng TMCP Sài Gòn - Hà Nội ( SHB ),Hà Nội,2023-11-26,2023-10-28,Nhân viên chính thức,Cạnh tranh,Nhân viên,,,,2.0,,năm,1,0,0,0,0,0,1,0,0,1,0,0,0,0,0,0,0,0,0,0,0,0,0,0,0,0,0,0,0,0,0,0,0,0,0,0,0,0,0,0,0,35BDE3D8
https://careerbuilder.vn/vi/tim-viec-lam/financial-analyst.35BEDDC7.html,financial analyst,Công Ty Tài Chính Mirae Asset (Việt Nam),Hồ Chí Minh,2023-12-31,2023-10-31,Nhân viên chính thức,Cạnh tranh,Nhân viên,,,,1.0,3.0,năm,0,1,0,0,0,0,0,0,1,1,0,0,0,0,0,0,0,0,0,0,0,0,0,1,0,0,0,0,0,0,0,0,0,0,0,0,0,0,0,0,0,35BEDDC7
https://careerbuilder.vn/vi/tim-viec-lam/data-partner-chuyen-vien-cao-cap-doi-tac-du-lieu-ha-noi-ta139.35BEEA0A.html,data partner – chuyên viên cao cấp đối tác dữ liệu - hà nội - ta139,Ngân Hàng TMCP Việt Nam Thịnh Vượng - VPBANK,Hà Nội,2023-11-30,2023-11-13,Nhân viên chính thức,Cạnh tranh,Trưởng nhóm / Giám sát,,,,4.0,7.0,năm,1,0,0,0,0,0,1,0,0,1,0,0,0,0,0,0,0,0,0,0,0,0,1,0,0,0,0,0,0,0,0,0,0,0,0,0,0,0,0,0,0,35BEEA0A
https://careerbuilder.vn/vi/tim-viec-lam/chuyen-vien-phan-tich-du-lieu-khoi-cntt.35BED9A4.html,chuyên viên phân tích dữ liệu (khối cntt),Ngân Hàng TMCP Sài Gòn - Hà Nội ( SHB ),Hà Nội,2023-11-28,2023-11-13,Nhân viên chính thức,Cạnh tranh,Nhân viên,,,,2.0,,năm,1,0,0,0,0,0,1,0,0,1,0,0,0,0,0,0,0,0,0,0,0,0,0,0,0,0,0,0,0,0,0,0,0,0,0,0,0,0,0,0,0,35BED9A4
https://careerbuilder.vn/vi/tim-viec-lam/chuyen-vien-cao-cap-phan-tich-nhu-cau-demand-analyst.35BEE9DA.html,chuyên viên cao cấp phân tích nhu cầu (demand analyst),Công Ty CP Vàng Bạc Đá Quý Phú Nhuận - PNJ,Hồ Chí Minh,2023-11-30,2023-11-13,Nhân viên chính thức,Cạnh tranh,Nhân viên,,,,2.0,,năm,0,1,0,0,0,0,0,0,0,0,0,0,0,0,0,0,0,0,0,0,0,0,0,0,0,0,0,0,0,0,0,0,1,1,1,0,0,0,0,0,0,35BEE9DA
https://careerbuilder.vn/vi/tim-viec-lam/chuyen-vien-phan-tich-du-lieu.35BEF92E.html,chuyên viên phân tích dữ liệu,Công ty Cổ phần CANIFA,Hà Nội,2023-11-30,2023-11-14,Nhân viên chính thức,10 Tr - 20 Tr VND,Nhân viên,10.0,20.0,VND,2.0,10.0,năm,1,0,0,0,0,0,1,1,0,0,0,0,0,0,0,0,0,0,0,0,0,0,0,0,0,0,0,0,0,0,0,0,0,1,0,0,0,0,0,0,0,35BEF92E
https://careerbuilder.vn/vi/tim-viec-lam/parts-marketing-specialist.35BEF20A.html,parts marketing specialist,PHU THAI CAT,Hà Nội,2023-11-23,2023-11-16,Nhân viên chính thức,Cạnh tranh,Nhân viên,,,,3.0,5.0,năm,1,0,0,0,0,0,0,0,0,0,0,0,0,1,0,0,0,0,1,0,1,0,0,0,0,0,0,0,0,0,0,0,0,0,0,0,0,0,0,0,0,35BEF20A
https://careerbuilder.vn/vi/tim-viec-lam/chuyen-vien-phan-tich-nganh.35BE0925.html,chuyên viên phân tích ngành,CÔNG TY CỔ PHẦN CHỨNG KHOÁN ASEAN,Hà Nội,2023-12-16,2023-11-17,Nhân viên chính thức,Cạnh tranh,Nhân viên,,,,3.0,,năm,1,0,0,0,0,0,0,0,1,1,0,0,0,0,0,0,0,0,0,0,0,0,0,0,0,0,1,0,0,0,0,0,0,0,0,0,0,0,0,0,0,35BE0925
https://careerbuilder.vn/vi/tim-viec-lam/senior-business-intelligence-analyst.35BEF4FE.html,senior business intelligence analyst,Yes4All Trading Services Company Limited,Hồ Chí Minh,2023-12-11,2023-11-19,Nhân viên chính thức,Cạnh tranh,Nhân viên,,,,2.0,3.0,năm,0,1,0,0,0,0,1,0,0,0,0,0,0,1,0,0,1,0,0,0,0,0,0,0,0,0,0,0,0,0,0,0,0,0,0,0,0,0,0,0,0,35BEF4FE
https://careerbuilder.vn/vi/tim-viec-lam/data-scientist-senior-expert-ha-noi-ta139.35BDDF99.html,data scientist senior/expert - hà nội - ta139,Ngân Hàng TMCP Việt Nam Thịnh Vượng - VPBANK,Hà Nội,2023-11-25,2023-10-27,Nhân viên chính thức,Cạnh tranh,Nhân viên,,,,2.0,5.0,năm,1,0,0,0,0,0,1,0,0,1,0,0,0,0,0,0,0,0,0,0,0,0,0,0,0,0,1,0,0,0,0,0,0,0,0,0,0,0,0,0,0,35BDDF99
https://careerbuilder.vn/vi/tim-viec-lam/chuyen-vien-phan-tich-du-lieu-trang-suc.35BE3CD4.html,chuyên viên phân tích dữ liệu (trang sức),CÔNG TY CỔ PHẦN CHARM GROUP,Hồ Chí Minh,2023-11-30,2023-10-27,Nhân viên chính thức,Trên12 Tr VND,Nhân viên,12.0,,VND,2.0,3.0,năm,0,1,0,0,0,0,0,0,0,0,0,0,0,1,0,0,0,0,1,0,0,0,0,0,0,0,0,0,0,0,0,0,0,1,0,0,0,0,0,0,0,35BE3CD4
https://careerbuilder.vn/vi/tim-viec-lam/data-science-expert.35BDEE70.html,data science expert,Công Ty CP Vàng Bạc Đá Quý Phú Nhuận - PNJ,Hồ Chí Minh,2023-12-25,2023-11-03,Nhân viên chính thức,Cạnh tranh,Quản lý,,,,5.0,8.0,năm,0,1,0,0,0,0,1,0,0,0,0,1,0,0,0,0,0,0,0,0,0,0,0,0,0,0,0,0,0,0,0,0,1,0,0,0,0,0,0,0,0,35BDEE70
https://careerbuilder.vn/vi/tim-viec-lam/chuyen-vien-chuyen-vien-chinh-phan-tich-du-lieu-kinh-doanh-bi-analytics.35BDDE97.html,chuyên viên/chuyên viên chính phân tích dữ liệu kinh doanh (bi analytics),Ngân Hàng TMCP Tiên Phong (TPBank),Hà Nội,2023-11-24,2023-10-26,Nhân viên chính thức,Cạnh tranh,Nhân viên,,,,2.0,5.0,năm,1,0,0,0,0,0,1,0,1,1,0,0,0,0,0,0,0,0,0,0,0,0,0,0,0,0,0,0,0,0,0,0,0,0,0,0,0,0,0,0,0,35BDDE97
https://careerbuilder.vn/vi/tim-viec-lam/data-scientist-senior-expert-ha-noi-ta139.35BEE3B6.html,data scientist senior/expert - hà nội - ta139,Ngân Hàng TMCP Việt Nam Thịnh Vượng - VPBANK,Hà Nội,2023-12-02,2023-11-16,Nhân viên chính thức,Cạnh tranh,Nhân viên,,,,2.0,5.0,năm,1,0,0,0,0,0,1,0,0,1,0,0,0,0,0,0,0,0,0,0,0,0,0,0,0,0,1,0,0,0,0,0,0,0,0,0,0,0,0,0,0,35BEE3B6
https://careerbuilder.vn/vi/tim-viec-lam/cvc-cvcc-phan-tich-nganh.35BE0911.html,cvc/cvcc phân tích ngành,CÔNG TY CỔ PHẦN CHỨNG KHOÁN ASEAN,Hà Nội,2023-12-16,2023-11-17,Nhân viên chính thức,Cạnh tranh,Nhân viên,,,,3.0,,năm,1,0,0,0,0,0,0,0,1,1,0,0,0,0,0,0,0,0,0,0,0,0,0,0,0,0,1,0,0,0,0,0,0,0,0,0,0,0,0,0,0,35BE0911
https://careerbuilder.vn/vi/tim-viec-lam/chuyen-vien-cao-cap-phan-tich-kinh-doanh-mang-thu-hoi-no-ha-noi-ta139.35BDB9D3.html,chuyên viên cao cấp phân tích kinh doanh - mảng thu hồi nợ - hà nội - ta139,Ngân Hàng TMCP Việt Nam Thịnh Vượng - VPBANK,Hà Nội,2023-12-05,2023-11-06,Nhân viên chính thức,Cạnh tranh,Nhân viên,,,,3.0,5.0,năm,1,0,0,0,0,0,0,1,0,1,0,0,0,1,0,0,0,0,0,0,0,0,0,0,0,0,0,0,0,0,0,0,0,0,0,0,0,0,0,0,0,35BDB9D3
https://careerbuilder.vn/vi/tim-viec-lam/chuyen-vien-chinh-phan-tich-kinh-doanh-thu-hoi-no-ha-noi-ta079.35BEEBB1.html,chuyên viên chính phân tích kinh doanh (thu hồi nợ) - hà nội - ta079,Ngân Hàng TMCP Việt Nam Thịnh Vượng - VPBANK,Hà Nội,2023-12-31,2023-11-14,Nhân viên chính thức,Cạnh tranh,Nhân viên,,,,1.0,2.0,năm,1,0,0,0,0,0,0,0,0,0,0,0,0,0,0,0,0,0,0,0,0,0,0,1,1,0,0,0,0,0,0,0,0,0,0,1,0,0,0,0,0,35BEEBB1
https://careerbuilder.vn/vi/tim-viec-lam/chuyen-vien-phan-tich-du-lieu.35BDE1EE.html,chuyên viên phân tích dữ liệu,Ngân Hàng TMCP Sài Gòn - Hà Nội ( SHB ),Hà Nội,2023-11-26,2023-10-28,Nhân viên chính thức,Cạnh tranh,Nhân viên,,,,3.0,,năm,1,0,0,0,0,0,1,1,0,1,0,0,0,0,0,0,0,0,0,0,0,0,0,0,0,0,0,0,0,0,0,0,0,0,0,0,0,0,0,0,0,35BDE1EE
https://careerbuilder.vn/vi/tim-viec-lam/chuyen-vien-phan-tich-du-lieu-khoi-qtrr.35BED99A.html,chuyên viên phân tích dữ liệu (khối qtrr),Ngân Hàng TMCP Sài Gòn - Hà Nội ( SHB ),Hà Nội,2023-11-28,2023-11-13,Nhân viên chính thức,Cạnh tranh,Nhân viên,,,,3.0,,năm,1,0,0,0,0,0,1,1,0,1,0,0,0,0,0,0,0,0,0,0,0,0,0,0,0,0,0,0,0,0,0,0,0,0,0,0,0,0,0,0,0,35BED99A
https://careerbuilder.vn/vi/tim-viec-lam/chuyen-vien-phan-tich-du-lieu.35BDACE6.html,chuyên viên phân tích dữ liệu,Ngân Hàng TMCP Sài Gòn - Hà Nội ( SHB ),Hà Nội,2023-11-26,2023-10-28,Nhân viên chính thức,Cạnh tranh,Nhân viên,,,,3.0,,năm,1,0,0,0,0,0,1,1,0,1,0,0,0,0,0,0,0,0,0,0,0,0,0,0,0,0,0,0,0,0,0,0,0,0,0,0,0,0,0,0,0,35BDACE6
https://careerbuilder.vn/vi/tim-viec-lam/data-engineer.35BE487F.html,data engineer,DatvietVAC Group Holdings,Hồ Chí Minh,2023-11-30,2023-10-27,,,,,,,,,,0,1,0,0,0,0,0,0,0,0,0,0,0,0,0,0,0,0,0,0,0,0,0,0,0,0,0,0,0,0,0,0,0,0,0,0,0,0,0,0,0,35BE487F
https://careerbuilder.vn/vi/tim-viec-lam/chuyen-vien-cong-nghe-thong-tin.35BEEB6C.html,chuyên viên công nghệ thông tin,Công ty cổ phần Goldocean Việt Nam,Hà Nội,2023-12-07,2023-11-14,Nhân viên chính thức,9 Tr - 15 Tr VND,Nhân viên,9.0,15.0,VND,1.0,,năm,1,0,0,0,0,0,1,0,0,0,0,0,0,0,0,0,1,0,0,0,0,0,0,0,0,0,0,0,0,0,0,0,0,0,0,0,0,0,0,0,0,35BEEB6C
https://careerbuilder.vn/vi/tim-viec-lam/costing-analysis-specialist.35BDFB2C.html,costing analysis specialist,BETRIMEX - Công Ty Cổ Phần Xuất Nhập Khẩu Bến Tre,Hồ Chí Minh,2023-12-09,2023-11-10,Nhân viên chính thức,Cạnh tranh,Trưởng nhóm / Giám sát,,,,3.0,10.0,năm,0,1,0,0,0,0,0,0,1,0,0,0,0,0,0,0,0,0,0,0,0,0,0,0,0,0,0,0,0,0,0,0,0,0,0,0,0,0,0,0,0,35BDFB2C
https://careerbuilder.vn/vi/tim-viec-lam/chuyen-vien-it-phan-mem.35BE0D21.html,chuyên viên it (phần mềm),CÔNG TY TNHH HTAUTO VIỆT NAM,Hà Nội,2023-12-17,2023-11-18,Nhân viên chính thức,12 Tr - 15 Tr VND,Nhân viên,12.0,15.0,VND,1.0,3.0,năm,1,0,0,0,0,0,1,0,0,0,0,0,0,0,0,0,0,0,0,0,0,0,0,0,0,0,0,0,0,0,0,0,0,0,0,0,0,0,0,0,0,35BE0D21
https://careerbuilder.vn/vi/tim-viec-lam/senior-clerk-and-above-it-department.35BDE5C6.html,senior clerk and above(it department),Công Ty TNHH JAC Recruitment Vietnam,Hà Nội,2023-11-27,2023-10-29,Nhân viên chính thức,20 Tr - 40 Tr VND,Nhân viên,20.0,40.0,VND,3.0,5.0,năm,1,0,0,0,0,0,1,0,0,1,0,0,0,0,0,0,1,0,0,0,0,0,0,0,0,0,0,0,0,0,0,0,0,0,0,0,0,0,0,0,0,35BDE5C6
https://careerbuilder.vn/vi/tim-viec-lam/data-science.35BEE456.html,data science,CÔNG TY TNHH THƯƠNG MẠI DỊCH VỤ ẨM THỰC ICOOL,Hồ Chí Minh,2023-11-30,2023-11-09,Nhân viên chính thức,10 Tr - 13 Tr VND,Nhân viên,10.0,13.0,VND,1.0,3.0,năm,0,1,0,0,0,0,1,0,0,0,0,0,1,0,0,0,0,0,0,0,0,0,0,0,0,0,0,0,0,0,0,0,0,0,0,0,0,0,0,0,0,35BEE456
https://careerbuilder.vn/vi/tim-viec-lam/data-engineer-hanoi-ta083.35BDC00F.html,data engineer - hanoi - ta083,Ngân Hàng TMCP Việt Nam Thịnh Vượng - VPBANK,Hà Nội,2023-12-07,2023-11-08,Nhân viên chính thức,Cạnh tranh,Nhân viên,,,,3.0,5.0,năm,1,0,0,0,0,0,1,1,0,0,0,0,0,0,0,0,0,0,0,0,0,0,0,0,0,0,1,0,0,0,0,0,0,0,0,0,0,0,0,0,0,35BDC00F
https://careerbuilder.vn/vi/tim-viec-lam/risk-model-validation.35BEDF0D.html,risk model validation,TECHCOMBANK,Hà Nội,2023-11-30,2023-11-14,Nhân viên chính thức,Cạnh tranh,Quản lý,,,,10.0,,năm,1,0,0,0,0,0,0,1,1,1,0,0,0,0,0,0,0,0,0,0,0,0,0,0,0,0,0,0,0,0,0,0,0,0,0,0,0,0,0,0,0,35BEDF0D
https://careerbuilder.vn/vi/tim-viec-lam/data-scientist-trung-tam-cong-nghe-du-lieu-khoi-du-lieu.35BDB985.html,data scientist - trung tâm công nghệ dữ liệu - khối dữ liệu,Ngân Hàng TMCP Quân Đội,Hà Nội,2023-12-04,2023-11-05,Nhân viên chính thức,Cạnh tranh,Nhân viên,,,,3.0,5.0,năm,1,0,0,0,0,0,1,1,0,1,0,0,0,0,0,0,0,0,0,0,0,0,0,0,0,0,0,0,0,0,0,0,0,0,0,0,0,0,0,0,0,35BDB985
https://careerbuilder.vn/vi/tim-viec-lam/data-scientist-trung-tam-cong-nghe-du-lieu-khoi-du-lieu.35BDFF15.html,data scientist - trung tâm công nghệ dữ liệu - khối dữ liệu,Ngân Hàng TMCP Quân Đội,Hà Nội,2023-12-10,2023-11-11,Nhân viên chính thức,Cạnh tranh,Nhân viên,,,,3.0,5.0,năm,1,0,0,0,0,0,1,1,0,1,0,0,0,0,0,0,0,0,0,0,0,0,0,0,0,0,0,0,0,0,0,0,0,0,0,0,0,0,0,0,0,35BDFF15
https://careerbuilder.vn/vi/tim-viec-lam/chuyen-gia-quan-tri-du-lieu-msb-df-dxa-1m387.35BEF5DB.html,chuyên gia quản trị dữ liệu - msb df - dxa - 1m387,Ngân hàng Thương mại Cổ phần Hàng Hải Việt Nam (MSB),Hà Nội,2023-12-27,2023-11-13,Nhân viên chính thức,Lên đến45 Tr VND,Nhân viên,,45.0,VND,4.0,5.0,năm,1,0,0,0,0,0,1,0,0,0,0,0,0,0,0,0,1,0,0,0,0,0,0,0,0,0,0,0,0,0,0,0,0,0,0,0,0,0,0,0,0,35BEF5DB
https://careerbuilder.vn/vi/tim-viec-lam/senior-java-developer.35BEE3D4.html,senior java developer,Công ty Cổ Phần Funtap,Hà Nội,2023-11-30,2023-11-16,Nhân viên chính thức,35 Tr - 40 Tr VND,Trưởng nhóm / Giám sát,35.0,40.0,VND,3.0,,năm,1,0,0,0,0,0,1,0,0,0,0,0,0,0,0,0,1,0,0,0,0,0,0,0,0,0,0,0,0,0,0,0,0,0,0,0,0,0,0,0,0,35BEE3D4
https://careerbuilder.vn/vi/tim-viec-lam/lap-trinh-vien-net.35BEE306.html,lập trình viên .net,Tổng công ty Cổ phần Bảo hiểm Bưu điện,Hà Nội,2023-11-30,2023-11-16,Nhân viên chính thức,Cạnh tranh,Nhân viên,,,,2.0,3.0,năm,1,0,0,0,0,0,1,0,1,0,0,0,0,0,0,0,0,0,0,0,0,0,0,1,0,0,0,0,0,0,0,0,0,0,0,0,0,0,0,0,0,35BEE306
https://careerbuilder.vn/vi/tim-viec-lam/senior-backend-developer-java.35BEE0DE.html,senior backend developer (java),Công ty Cổ phần Thời Trang YODY,"Hà Nội, Hải Dương",2023-11-30,2023-11-15,Nhân viên chính thức,20 Tr - 40 Tr VND,Nhân viên,20.0,40.0,VND,2.0,5.0,năm,1,0,0,0,1,0,1,0,0,0,0,0,0,0,0,0,1,0,0,0,0,0,0,0,0,0,0,0,0,0,0,0,0,0,0,0,0,0,0,0,0,35BEE0DE
https://careerbuilder.vn/vi/tim-viec-lam/it-web-developer.35BEF66B.html,it web developer,Công Ty TNHH VIỆT NAM NOK,Đồng Nai,2023-11-24,2023-11-17,Nhân viên chính thức,12 Tr - 20 Tr VND,Nhân viên,12.0,20.0,VND,1.0,,năm,0,0,1,0,0,0,1,0,0,0,0,0,0,0,0,0,0,0,0,0,0,0,0,0,0,0,0,0,0,0,0,0,0,0,0,0,0,0,0,0,0,35BEF66B
https://careerbuilder.vn/vi/tim-viec-lam/senior-clerk-it-admin-it-department.35BE1468.html,senior clerk - it admin - it department,"NGÂN HÀNG MIZUHO BANK, LTD.- CHI NHÁNH THÀNH PHỐ HÀ NỘI",Hà Nội,2023-11-30,2023-11-13,Nhân viên chính thức,Cạnh tranh,Nhân viên,,,,3.0,5.0,năm,1,0,0,0,0,0,1,0,0,1,0,0,0,0,0,0,1,0,0,0,0,0,0,0,0,0,0,0,0,0,0,0,0,0,0,0,0,0,0,0,0,35BE1468
https://careerbuilder.vn/vi/tim-viec-lam/backend-developer-team-leader.35BEEE79.html,backend developer team leader,Công Ty Cổ Phần Phương Tiện Điện Thông Minh Selex,Hà Nội,2023-12-08,2023-11-15,Nhân viên chính thức,"Lên đến2,500 USD",Trưởng nhóm / Giám sát,,2.5,USD,5.0,,năm,1,0,0,0,0,0,1,0,0,0,0,0,0,0,0,0,1,0,0,0,0,0,0,0,0,0,0,0,0,0,0,0,0,0,0,0,1,0,0,0,0,35BEEE79
https://careerbuilder.vn/vi/tim-viec-lam/regional-senior-internal-audit.35BDE1CC.html,regional senior internal audit,Wipro Consumer Care Vietnam,Bình Dương,2023-11-25,2023-10-27,Nhân viên chính thức,Cạnh tranh,Trưởng nhóm / Giám sát,,,,5.0,,năm,0,0,0,1,0,0,0,1,1,0,0,0,0,0,0,0,0,0,0,0,0,0,0,0,0,0,0,0,0,0,0,0,0,0,0,0,0,0,0,0,0,35BDE1CC
https://careerbuilder.vn/vi/tim-viec-lam/brand-building-finance-supervisor-frozen-chiilled.35BDBC54.html,brand building finance supervisor (frozen & chiilled),Masan Consumer,Hồ Chí Minh,2023-12-05,2023-11-06,Nhân viên chính thức,Cạnh tranh,Trưởng nhóm / Giám sát,,,,3.0,5.0,năm,0,1,0,0,0,0,0,0,1,0,0,0,0,0,0,0,0,0,0,0,0,0,0,0,0,0,0,0,0,0,0,0,1,0,0,0,0,0,0,0,0,35BDBC54
https://careerbuilder.vn/vi/tim-viec-lam/chuyen-vien-quan-tri-van-hanh-he-thong-du-an-omni-channel.35BDF403.html,chuyên viên quản trị vận hành hệ thống - dự án omni channel,Ngân Hàng TMCP Sài Gòn - Hà Nội ( SHB ),Hà Nội,2023-12-05,2023-11-06,Nhân viên chính thức,Cạnh tranh,Nhân viên,,,,2.0,,năm,1,0,0,0,0,0,1,0,0,1,0,0,0,0,0,0,0,0,0,0,0,0,0,0,0,0,0,0,0,0,0,0,0,0,0,0,0,0,0,0,0,35BDF403
https://careerbuilder.vn/vi/tim-viec-lam/chuyen-vien-quan-tri-van-hanh-he-thong-du-an-omni-channel.35BDB9BC.html,chuyên viên quản trị vận hành hệ thống - dự án omni channel,Ngân Hàng TMCP Sài Gòn - Hà Nội ( SHB ),Hà Nội,2023-12-05,2023-11-06,Nhân viên chính thức,Cạnh tranh,Nhân viên,,,,2.0,,năm,1,0,0,0,0,0,1,0,0,1,0,0,0,0,0,0,0,0,0,0,0,0,0,0,0,0,0,0,0,0,0,0,0,0,0,0,0,0,0,0,0,35BDB9BC
https://careerbuilder.vn/vi/tim-viec-lam/tester-phong-phan-tich-va-dam-ban-chat-luong-khoi-du-lieu.35BDBD77.html,tester -  phòng phân tích và đảm bản chất lượng - khối dữ liệu,Ngân Hàng TMCP Quân Đội,Hà Nội,2023-12-06,2023-11-07,Nhân viên chính thức,Cạnh tranh,Nhân viên,,,,1.0,5.0,năm,1,0,0,0,0,0,1,0,0,1,0,0,0,0,0,0,0,0,0,0,0,0,0,0,0,0,0,0,0,0,0,0,0,0,0,0,0,0,0,0,0,35BDBD77
https://careerbuilder.vn/vi/tim-viec-lam/business-analyst-khoi-du-lieu.35BDBD74.html,business analyst - khối dữ liệu,Ngân Hàng TMCP Quân Đội,Hà Nội,2023-12-06,2023-11-07,Nhân viên chính thức,Cạnh tranh,Nhân viên,,,,1.0,5.0,năm,1,0,0,0,0,0,1,0,0,1,0,0,0,0,0,0,0,0,0,0,0,0,0,0,0,0,0,0,0,0,0,0,0,0,0,0,0,0,0,0,0,35BDBD74
https://careerbuilder.vn/vi/tim-viec-lam/business-analyst-khoi-du-lieu.35BDFF14.html,business analyst - khối dữ liệu,Ngân Hàng TMCP Quân Đội,Hà Nội,2023-12-10,2023-11-11,Nhân viên chính thức,Cạnh tranh,Nhân viên,,,,1.0,5.0,năm,1,0,0,0,0,0,1,0,0,1,0,0,0,0,0,0,0,0,0,0,0,0,0,0,0,0,0,0,0,0,0,0,0,0,0,0,0,0,0,0,0,35BDFF14
https://careerbuilder.vn/vi/tim-viec-lam/tester-phong-phan-tich-va-dam-ban-chat-luong-khoi-du-lieu.35BDFF12.html,tester -  phòng phân tích và đảm bản chất lượng - khối dữ liệu,Ngân Hàng TMCP Quân Đội,Hà Nội,2023-12-10,2023-11-11,Nhân viên chính thức,Cạnh tranh,Nhân viên,,,,1.0,5.0,năm,1,0,0,0,0,0,1,0,0,1,0,0,0,0,0,0,0,0,0,0,0,0,0,0,0,0,0,0,0,0,0,0,0,0,0,0,0,0,0,0,0,35BDFF12
https://careerbuilder.vn/vi/tim-viec-lam/chuyen-vien-quan-tri-van-hanh-he-thong-du-an-omni-channel.35BEED79.html,chuyên viên quản trị vận hành hệ thống - dự án omni channel,Ngân Hàng TMCP Sài Gòn - Hà Nội ( SHB ),Hà Nội,2023-12-07,2023-11-15,Nhân viên chính thức,Cạnh tranh,Nhân viên,,,,2.0,,năm,1,0,0,0,0,0,1,0,0,1,0,0,0,0,0,0,0,0,0,0,0,0,0,0,0,0,0,0,0,0,0,0,0,0,0,0,0,0,0,0,0,35BEED79
https://careerbuilder.vn/vi/tim-viec-lam/ha-noi-backend-java-developer.35BDCD28.html,hà nội - backend java developer,CÔNG TY TÀI CHÍNH TNHH NGÂN HÀNG TMCP SÀI GÒN - HÀ NỘI  (SHBFinance),Hà Nội,2023-12-14,2023-11-15,Nhân viên chính thức,Cạnh tranh,Nhân viên,,,,3.0,5.0,năm,1,0,0,0,0,0,1,0,1,1,0,0,0,0,0,0,0,0,0,0,0,0,0,0,0,0,0,0,0,0,0,0,0,0,0,0,0,0,0,0,0,35BDCD28
https://careerbuilder.vn/vi/tim-viec-lam/lap-trinh-vien-full-stack-ha-noi.35BEBA7D.html,lập trình viên full stack - hà nội,Công ty cổ phần SANAN,Hà Nội,2023-11-27,2023-11-17,Nhân viên chính thức,15 Tr - 20 Tr VND,Nhân viên,15.0,20.0,VND,2.0,,năm,1,0,0,0,0,0,1,0,0,0,0,0,0,0,0,0,0,0,0,0,0,0,0,0,0,0,0,0,0,0,0,0,0,0,0,0,0,0,0,0,0,35BEBA7D
https://careerbuilder.vn/vi/tim-viec-lam/chuyen-vien-quan-ly-ban-hang-xe-du-lich-thaco-auto-mien-bac.35BEE1B7.html,chuyên viên quản lý bán hàng xe du lịch | thaco auto miền bắc,Công ty TNHH THACO AUTO (Văn phòng Miền Bắc),Hà Nội,2023-11-30,2023-11-16,Nhân viên chính thức,12 Tr - 18 Tr VND,Nhân viên,12.0,18.0,VND,1.0,6.0,năm,1,0,0,0,0,0,0,0,0,0,0,0,0,0,0,0,0,0,1,0,1,0,0,0,0,0,0,0,0,0,0,0,0,0,0,0,0,0,1,0,0,35BEE1B7
https://careerbuilder.vn/vi/tim-viec-lam/product-owner.35BDE148.html,product owner,Elofun Entertainment,Hồ Chí Minh,2023-12-08,2023-11-09,Nhân viên chính thức,Trên10 Tr VND,Nhân viên,10.0,,VND,,,,0,1,0,0,0,0,1,0,0,0,0,0,0,0,0,0,0,0,1,0,0,0,0,0,0,0,0,0,0,0,0,0,0,0,0,0,0,0,0,1,0,35BDE148
https://careerbuilder.vn/vi/tim-viec-lam/logistics-officer-da-nang-city.35BEF5A7.html,logistics officer ( da nang city ),Carlsberg Group,Đà Nẵng,2023-12-13,2023-11-13,Nhân viên chính thức,Cạnh tranh,Nhân viên,,,,1.0,2.0,năm,0,0,0,0,0,1,0,0,0,0,0,0,0,0,0,0,0,0,0,0,0,0,0,0,0,0,0,1,0,0,0,0,0,0,0,0,0,0,0,0,0,35BEF5A7
https://careerbuilder.vn/vi/tim-viec-lam/chuyen-vien-phat-trien-tich-hop-du-an-nang-cap-corebanking.35BDB9B7.html,chuyên viên phát triển tích hợp - dự án nâng cấp corebanking,Ngân Hàng TMCP Sài Gòn - Hà Nội ( SHB ),Hà Nội,2023-12-05,2023-11-06,Nhân viên chính thức,Cạnh tranh,Nhân viên,,,,1.0,,năm,1,0,0,0,0,0,1,0,0,1,0,0,0,0,0,0,0,0,0,0,0,0,0,0,0,0,0,0,0,0,0,0,0,0,0,0,0,0,0,0,0,35BDB9B7
https://careerbuilder.vn/vi/tim-viec-lam/chuyen-vien-phan-tich-va-quan-tri-dich-vu-tai-chinh-k-cntt.35BDFE5D.html,chuyên viên phân tích và quản trị dịch vụ tài chính - k.cntt,Ngân hàng TMCP Đại Chúng Việt Nam - PVcomBank,Hà Nội,2023-12-10,2023-11-11,Nhân viên chính thức,Cạnh tranh,Nhân viên,,,,1.0,3.0,năm,1,0,0,0,0,0,1,0,0,1,0,0,0,0,0,0,1,0,0,0,0,0,0,0,0,0,0,0,0,0,0,0,0,0,0,0,0,0,0,0,0,35BDFE5D
https://careerbuilder.vn/vi/tim-viec-lam/chuyen-vien-tich-hop-du-lieu-intergration-engineering.35BDFE61.html,chuyên viên tích hợp dữ liệu (intergration engineering),Ngân hàng TMCP Đại Chúng Việt Nam - PVcomBank,Hà Nội,2023-12-10,2023-11-11,Nhân viên chính thức,Cạnh tranh,Nhân viên,,,,2.0,4.0,năm,1,0,0,0,0,0,1,0,0,1,0,0,0,0,0,0,1,0,0,0,0,0,0,0,0,0,0,0,0,0,0,0,0,0,0,0,0,0,0,0,0,35BDFE61
https://careerbuilder.vn/vi/tim-viec-lam/chuyen-vien-phat-trien-tich-hop-du-an-nang-cap-corebanking.35BEE912.html,chuyên viên phát triển tích hợp - dự án nâng cấp corebanking,Ngân Hàng TMCP Sài Gòn - Hà Nội ( SHB ),Hà Nội,2023-12-05,2023-11-13,Nhân viên chính thức,Cạnh tranh,Nhân viên,,,,1.0,,năm,1,0,0,0,0,0,1,0,0,1,0,0,0,0,0,0,0,0,0,0,0,0,0,0,0,0,0,0,0,0,0,0,0,0,0,0,0,0,0,0,0,35BEE912
https://careerbuilder.vn/vi/tim-viec-lam/chuyen-vien-tich-hop-du-lieu-intergration-engineering.35BEEC00.html,chuyên viên tích hợp dữ liệu (intergration engineering),Ngân hàng TMCP Đại Chúng Việt Nam - PVcomBank,Hà Nội,2023-11-30,2023-11-14,Nhân viên chính thức,Cạnh tranh,Nhân viên,,,,2.0,4.0,năm,1,0,0,0,0,0,1,0,0,1,0,0,0,0,0,0,1,0,0,0,0,0,0,0,0,0,0,0,0,0,0,0,0,0,0,0,0,0,0,0,0,35BEEC00
https://careerbuilder.vn/vi/tim-viec-lam/chuyen-vien-phan-tich-va-quan-tri-dich-vu-tai-chinh-k-cntt.35BEEC2E.html,chuyên viên phân tích và quản trị dịch vụ tài chính - k.cntt,Ngân hàng TMCP Đại Chúng Việt Nam - PVcomBank,Hà Nội,2023-11-30,2023-11-14,Nhân viên chính thức,Cạnh tranh,Nhân viên,,,,1.0,3.0,năm,1,0,0,0,0,0,1,0,0,1,0,0,0,0,0,0,1,0,0,0,0,0,0,0,0,0,0,0,0,0,0,0,0,0,0,0,0,0,0,0,0,35BEEC2E
https://careerbuilder.vn/vi/tim-viec-lam/senior-developer.35BEF844.html,senior developer,Công Ty Cổ Phần Vacxin Việt Nam,Hồ Chí Minh,2023-12-31,2023-11-14,Nhân viên chính thức,Cạnh tranh,Nhân viên,,,,1.0,3.0,năm,0,1,0,0,0,0,1,0,0,0,0,0,0,0,0,0,0,0,0,0,0,0,0,0,0,0,0,0,0,0,0,0,0,0,0,0,0,0,0,0,0,35BEF844
https://careerbuilder.vn/vi/tim-viec-lam/business-analyst-lead-mid-senior.35BE09A6.html,business analyst lead (mid/senior),Công ty Cổ phần Công nghệ ITG,Hà Nội,2023-12-16,2023-11-17,Nhân viên chính thức,Lên đến30 Tr VND,Trưởng nhóm / Giám sát,,30.0,VND,3.0,,năm,1,0,0,0,0,0,1,1,0,0,0,0,0,0,0,0,0,0,0,0,0,0,0,0,0,0,0,0,0,0,0,1,0,0,0,0,0,0,0,0,0,35BE09A6
https://careerbuilder.vn/vi/tim-viec-lam/chuyen-vien-tich-hop-du-lieu-intergration-engineering.35BDBCA3.html,chuyên viên tích hợp dữ liệu (intergration engineering),Ngân hàng TMCP Đại Chúng Việt Nam - PVcomBank,Hà Nội,2023-12-06,2023-11-07,Nhân viên chính thức,Cạnh tranh,Nhân viên,,,,2.0,4.0,năm,1,0,0,0,0,0,1,0,0,1,0,0,0,0,0,0,1,0,0,0,0,0,0,0,0,0,0,0,0,0,0,0,0,0,0,0,0,0,0,0,0,35BDBCA3
https://careerbuilder.vn/vi/tim-viec-lam/chuyen-vien-phat-trien-tich-hop-du-an-nang-cap-corebanking.35BDF3F8.html,chuyên viên phát triển tích hợp - dự án nâng cấp corebanking,Ngân Hàng TMCP Sài Gòn - Hà Nội ( SHB ),Hà Nội,2023-12-05,2023-11-06,Nhân viên chính thức,Cạnh tranh,Nhân viên,,,,1.0,,năm,1,0,0,0,0,0,1,0,0,1,0,0,0,0,0,0,0,0,0,0,0,0,0,0,0,0,0,0,0,0,0,0,0,0,0,0,0,0,0,0,0,35BDF3F8
https://careerbuilder.vn/vi/tim-viec-lam/chuyen-vien-phan-tich-va-quan-tri-dich-vu-tai-chinh-k-cntt.35BDBCB7.html,chuyên viên phân tích và quản trị dịch vụ tài chính - k.cntt,Ngân hàng TMCP Đại Chúng Việt Nam - PVcomBank,Hà Nội,2023-12-06,2023-11-07,Nhân viên chính thức,Cạnh tranh,Nhân viên,,,,1.0,3.0,năm,1,0,0,0,0,0,1,0,0,1,0,0,0,0,0,0,1,0,0,0,0,0,0,0,0,0,0,0,0,0,0,0,0,0,0,0,0,0,0,0,0,35BDBCB7
https://careerbuilder.vn/vi/tim-viec-lam/associate-software-engineer-oracle-sql.35BEEE43.html,"associate software engineer (oracle, sql)",Công Ty Cổ Phần VNG,Hồ Chí Minh,2023-12-21,2023-11-15,Nhân viên chính thức,Cạnh tranh,Nhân viên,,,,1.0,2.0,năm,0,1,0,0,0,0,1,0,0,0,0,0,0,0,0,0,0,0,0,0,0,0,0,0,0,0,0,0,0,0,0,0,0,0,0,0,0,0,0,0,0,35BEEE43
https://careerbuilder.vn/vi/tim-viec-lam/chuyen-vien-phat-trien-san-pham-tien-trai-phieu.35BDBB97.html,chuyên viên phát triển sản phẩm tiền & trái phiếu,CÔNG TY CỔ PHẦN CHỨNG KHOÁN HD,Hồ Chí Minh,2023-12-05,2023-11-06,Nhân viên chính thức,Cạnh tranh,Nhân viên,,,,1.0,2.0,năm,0,1,0,0,0,0,0,0,1,1,0,0,0,0,0,0,0,0,0,0,0,0,0,0,0,0,1,0,0,0,0,0,0,0,0,0,0,0,0,0,0,35BDBB97
https://careerbuilder.vn/vi/tim-viec-lam/it-chuyen-gia-co-so-du-lieu.35BDB144.html,it - chuyên gia cơ sở dữ liệu,Ngân Hàng TMCP Phương Đông - OCB,Hồ Chí Minh,2023-11-28,2023-10-30,Nhân viên chính thức,Cạnh tranh,Trưởng nhóm / Giám sát,,,,5.0,,năm,0,1,0,0,0,0,1,0,0,1,0,0,0,0,0,0,1,0,0,0,0,0,0,0,0,0,0,0,0,0,0,0,0,0,0,0,0,0,0,0,0,35BDB144
https://careerbuilder.vn/vi/tim-viec-lam/nhan-vien-it-helpdesk-tai-kcn-quang-minh-ha-noi-co-xe-dua-don-700-800.35BDD8A0.html,nhân viên it helpdesk tại kcn quang minh - hà nội có xe đưa đón ( 700-800$),Công Ty TNHH OS POWER Việt Nam,Hà Nội,2023-11-20,2023-10-22,Nhân viên chính thức,700 - 800 USD,Nhân viên,700.0,800.0,USD,1.0,2.0,năm,1,0,0,0,0,0,1,0,0,0,0,0,0,0,0,0,0,1,0,0,0,0,0,0,1,0,0,0,0,0,0,0,0,0,0,0,0,0,0,0,0,35BDD8A0
https://careerbuilder.vn/vi/tim-viec-lam/nhan-vien-it-cong-ty-nhat-tai-kcn-thang-long-ha-noi-15-17mil.35BDBE4A.html,nhân viên it công ty nhật tại kcn thăng long - hà nội ( 15-17mil),Công Ty TNHH OS POWER Việt Nam,Hà Nội,2023-12-06,2023-11-07,Nhân viên chính thức,15 Tr - 17 Tr VND,Nhân viên,15.0,17.0,VND,1.0,2.0,năm,1,0,0,0,0,0,1,0,0,0,0,0,0,0,0,0,0,1,0,0,0,0,0,0,0,0,0,0,0,0,0,0,0,0,0,0,1,0,0,0,0,35BDBE4A
https://careerbuilder.vn/vi/tim-viec-lam/truong-phong-ha-tang-mang.35BDEAFC.html,trưởng phòng hạ tầng mạng,Tổng Công ty Cổ phần Công trình Viettel,Hà Nội,2023-12-01,2023-11-02,Nhân viên chính thức,50 Tr - 80 Tr VND,Quản lý,50.0,80.0,VND,1.0,3.0,năm,1,0,0,0,0,0,1,0,0,0,0,0,0,0,0,0,1,0,0,0,0,0,0,0,0,0,0,0,0,0,0,0,0,0,0,0,0,0,0,0,0,35BDEAFC
https://careerbuilder.vn/vi/tim-viec-lam/chuyen-vien-cao-cap-phan-tich-va-tich-hop-du-lieu-intergration-engineering.35BDFE60.html,chuyên viên cao cấp phân tích và tích hợp dữ liệu (intergration engineering),Ngân hàng TMCP Đại Chúng Việt Nam - PVcomBank,Hà Nội,2023-12-10,2023-11-11,Nhân viên chính thức,Cạnh tranh,Nhân viên,,,,3.0,5.0,năm,1,0,0,0,0,0,1,0,0,0,0,0,0,0,1,0,1,0,0,0,0,0,0,0,0,0,0,0,0,0,0,0,0,0,0,0,0,0,0,0,0,35BDFE60
https://careerbuilder.vn/vi/tim-viec-lam/chuyen-vien-cao-cap-phan-tich-va-tich-hop-du-lieu-intergration-engineering.35BEEC2C.html,chuyên viên cao cấp phân tích và tích hợp dữ liệu (intergration engineering),Ngân hàng TMCP Đại Chúng Việt Nam - PVcomBank,Hà Nội,2023-11-30,2023-11-14,Nhân viên chính thức,Cạnh tranh,Nhân viên,,,,3.0,5.0,năm,1,0,0,0,0,0,1,0,0,0,0,0,0,0,1,0,1,0,0,0,0,0,0,0,0,0,0,0,0,0,0,0,0,0,0,0,0,0,0,0,0,35BEEC2C
https://careerbuilder.vn/vi/tim-viec-lam/ho-giam-doc-xay-dung-mo-hinh-dinh-luong.35BE153E.html,ho - giám đốc xây dựng mô hình & định lượng,ACB - Ngân Hàng TMCP Á Châu,Hồ Chí Minh,2023-11-23,2023-11-16,Nhân viên chính thức,Cạnh tranh,Nhân viên,,,,2.0,5.0,năm,0,1,0,0,0,0,0,0,0,1,0,0,0,0,0,0,0,0,0,0,0,0,0,0,0,0,0,0,0,0,0,0,0,0,0,0,0,0,0,0,0,35BE153E
https://careerbuilder.vn/vi/tim-viec-lam/cv-cvc-cvcc-thong-tin-quan-tri-fm-cb-va-ib-mis-2.35BDCEF0.html,"cv/cvc/cvcc thông tin quản trị fm, cb và ib (mis 2)",Ngân Hàng TMCP Tiên Phong (TPBank),Hà Nội,2023-12-15,2023-11-16,Nhân viên chính thức,Cạnh tranh,Nhân viên,,,,2.0,5.0,năm,1,0,0,0,0,0,1,0,0,1,0,1,0,0,0,0,0,0,0,0,0,0,0,0,0,0,0,0,0,0,0,0,0,0,0,0,0,0,0,0,0,35BDCEF0
https://careerbuilder.vn/vi/tim-viec-lam/chuyen-vien-cao-cap-lap-trinh-java-msb-it-bu-dxd-1m406.35BE19F1.html,chuyên viên cao cấp lập trình java - msb it bu - dxd - 1m406,Ngân hàng Thương mại Cổ phần Hàng Hải Việt Nam (MSB),Hà Nội,2023-11-30,2023-11-18,Nhân viên chính thức,Cạnh tranh,Nhân viên,,,,4.0,5.0,năm,1,0,0,0,0,0,1,0,0,1,0,0,0,0,0,0,0,0,0,0,0,0,0,0,0,0,0,0,0,0,0,0,0,0,0,0,0,0,0,0,0,35BE19F1
https://careerbuilder.vn/vi/tim-viec-lam/chuyen-vien-cao-cap-phan-tich-va-tich-hop-du-lieu-intergration-engineering.35BDBCB2.html,chuyên viên cao cấp phân tích và tích hợp dữ liệu (intergration engineering),Ngân hàng TMCP Đại Chúng Việt Nam - PVcomBank,Hà Nội,2023-12-06,2023-11-07,Nhân viên chính thức,Cạnh tranh,Nhân viên,,,,3.0,5.0,năm,1,0,0,0,0,0,1,0,0,0,0,0,0,0,1,0,1,0,0,0,0,0,0,0,0,0,0,0,0,0,0,0,0,0,0,0,0,0,0,0,0,35BDBCB2
https://careerbuilder.vn/vi/tim-viec-lam/head-of-intergrated-data-governance-department-ha-noi-ta003.35BDFB2B.html,head of intergrated data governance department - hà nội - ta003,Ngân Hàng TMCP Việt Nam Thịnh Vượng - VPBANK,Hà Nội,2023-12-09,2023-11-10,Nhân viên chính thức,Cạnh tranh,Quản lý,,,,8.0,10.0,năm,1,0,0,0,0,0,1,0,0,1,0,0,0,0,0,0,1,0,0,0,0,0,0,0,0,0,0,0,0,0,0,0,0,0,0,0,0,0,0,0,0,35BDFB2B
https://careerbuilder.vn/vi/tim-viec-lam/cv-cvc-quan-tri-va-kiem-dinh-mo-hinh-phong-qtrr-tich-hop-ha-noi-ta107.35BEE38A.html,cv/cvc quản trị và kiểm định mô hình - phòng qtrr tích hợp - hà nội - ta107,Ngân Hàng TMCP Việt Nam Thịnh Vượng - VPBANK,Hà Nội,2023-11-30,2023-11-16,Nhân viên chính thức,Cạnh tranh,Nhân viên,,,,1.0,,năm,1,0,0,0,0,0,0,1,0,1,0,0,0,0,0,0,0,0,0,0,0,0,1,0,0,0,0,0,0,0,0,0,0,0,0,0,0,0,0,0,0,35BEE38A
https://careerbuilder.vn/vi/tim-viec-lam/data-engineer-expert.35BDB3F8.html,data engineer expert,Công ty Tài Chính Cổ Phần Tín Việt,Hồ Chí Minh,2023-11-29,2023-10-31,Nhân viên chính thức,Cạnh tranh,Quản lý,,,,5.0,7.0,năm,0,1,0,0,0,0,1,0,0,0,0,0,0,0,0,0,0,0,0,0,0,0,0,0,0,0,0,0,0,0,0,0,0,0,0,0,0,0,0,0,0,35BDB3F8
https://careerbuilder.vn/vi/tim-viec-lam/nhan-vien-ha-tang.35BDBE83.html,nhân viên hạ tầng,Tổng Công ty Đối Tác Chân Thật,Hồ Chí Minh,2023-12-06,2023-11-07,Nhân viên chính thức,Cạnh tranh,Nhân viên,,,,2.0,5.0,năm,0,1,0,0,0,0,1,0,0,0,0,0,0,0,0,0,1,0,0,0,0,0,0,0,0,0,0,0,0,0,0,0,0,0,0,0,0,0,0,0,0,35BDBE83
https://careerbuilder.vn/vi/tim-viec-lam/nhan-vien-ha-tang.35BDCBA7.html,nhân viên hạ tầng,Tổng Công ty Đối Tác Chân Thật,Hồ Chí Minh,2023-12-13,2023-11-14,Nhân viên chính thức,Cạnh tranh,Nhân viên,,,,2.0,5.0,năm,0,1,0,0,0,0,1,0,0,0,0,0,0,0,0,0,1,0,0,0,0,0,0,0,0,0,0,0,0,0,0,0,0,0,0,0,0,0,0,0,0,35BDCBA7
https://careerbuilder.vn/vi/tim-viec-lam/senior-software-engineer.35BDAE5B.html,senior software engineer,Công Ty TNHH JAC Recruitment Vietnam,Hà Nội,2023-11-26,2023-10-28,Nhân viên chính thức,Cạnh tranh,Trưởng nhóm / Giám sát,,,,7.0,15.0,năm,1,0,0,0,0,0,1,0,0,0,0,0,0,0,0,0,0,0,0,0,0,0,0,0,0,0,0,0,0,0,0,0,0,0,0,0,0,0,0,0,0,35BDAE5B
https://careerbuilder.vn/vi/tim-viec-lam/senior-data-scientist-ii-zalopay-data-platform.35BDF034.html,"senior data scientist ii (zalopay, data platform)",Công Ty Cổ Phần VNG,Hồ Chí Minh,2023-12-03,2023-11-04,Nhân viên chính thức,Cạnh tranh,Trưởng nhóm / Giám sát,,,,3.0,8.0,năm,0,1,0,0,0,0,1,0,0,0,0,0,0,0,0,0,0,0,0,0,0,0,0,0,0,0,0,0,0,0,0,0,0,0,0,0,0,0,0,0,0,35BDF034
https://careerbuilder.vn/vi/tim-viec-lam/chuyen-vien-quan-ly-danh-muc-rui-ro-risk-porfolio-specialist.35BEDEF9.html,(chuyên viên quản lý danh mục rủi ro) risk porfolio specialist,CÔNG TY CỔ PHẦN GIẢI PHÁP THANH TOÁN SỐ (ứng dụng MFAST),Hồ Chí Minh,2023-12-31,2023-11-14,Nhân viên chính thức,Cạnh tranh,Nhân viên,,,,2.0,3.0,năm,0,1,0,0,0,0,0,0,1,0,0,0,0,0,0,0,0,0,0,0,0,0,0,0,0,0,0,0,0,0,0,0,0,0,0,0,0,0,0,0,0,35BEDEF9
https://careerbuilder.vn/vi/tim-viec-lam/fp-a-director.35BF003B.html,fp&a director,Coca-Cola,Hồ Chí Minh,2023-12-17,2023-11-17,Nhân viên chính thức,Cạnh tranh,Giám đốc,,,,5.0,20.0,năm,0,1,0,0,0,0,0,1,1,0,0,0,0,0,0,0,0,0,0,0,0,0,0,0,0,0,0,0,0,0,0,0,0,0,0,0,0,0,0,0,0,35BF003B
https://careerbuilder.vn/vi/tim-viec-lam/data-engineer-ha-noi-ta083.35BEE2AB.html,data engineer - hà nội - ta083,Ngân Hàng TMCP Việt Nam Thịnh Vượng - VPBANK,Hà Nội,2023-11-30,2023-11-16,Nhân viên chính thức,Cạnh tranh,Nhân viên,,,,3.0,5.0,năm,1,0,0,0,0,0,1,0,0,1,0,0,0,0,0,0,0,0,0,0,0,0,0,0,0,0,0,0,0,0,0,0,0,0,0,0,0,0,0,0,0,35BEE2AB
https://careerbuilder.vn/vi/tim-viec-lam/ho-hn-chuyen-vien-quan-ly-ung-dung-ngoai-core-banking-devops-khoi-cnnh.35BE0BF8.html,[ho hn] chuyên viên quản lý ứng dụng ngoài core banking (devops) - khối cnnh,ABBANK - Ngân Hàng TMCP An Bình,Hà Nội,2023-12-17,2023-11-18,Nhân viên chính thức,Cạnh tranh,Nhân viên,,,,2.0,,năm,1,0,0,0,0,0,1,0,0,1,0,0,0,0,0,0,0,0,0,0,0,0,0,0,0,0,0,0,0,0,0,0,0,0,0,0,0,0,0,0,0,35BE0BF8
https://careerbuilder.vn/vi/tim-viec-lam/ai-researcher.35BDE839.html,ai researcher,CÔNG TY TNHH CÔNG NGHỆ ASILLA VIỆT NAM,Hà Nội,2023-11-28,2023-10-30,Nhân viên chính thức,"Lên đến2,500 USD",Nhân viên,,2.5,USD,1.0,5.0,năm,1,0,0,0,0,0,1,0,0,0,0,0,0,0,0,0,0,0,0,0,0,0,0,0,0,0,0,0,0,0,0,0,0,0,0,0,0,0,0,0,0,35BDE839
https://careerbuilder.vn/vi/tim-viec-lam/it-audit-manager.35BDB2A5.html,it audit manager,Central Retail in Vietnam,Hồ Chí Minh,2023-11-28,2023-10-30,Nhân viên chính thức,Cạnh tranh,Quản lý,,,,3.0,5.0,năm,0,1,0,0,0,0,1,0,0,0,0,0,0,0,0,0,1,0,0,0,0,0,0,0,0,0,0,0,0,0,0,0,0,0,0,0,0,0,0,0,0,35BDB2A5
https://careerbuilder.vn/vi/tim-viec-lam/chuyen-gia-quan-tri-du-lieu-tai-chinh-ha-noi-ta119.35BDAE7C.html,chuyên gia quản trị dữ liệu tài chính - hà nội - ta119,Ngân Hàng TMCP Việt Nam Thịnh Vượng - VPBANK,Hà Nội,2023-11-26,2023-10-28,Nhân viên chính thức,Cạnh tranh,Nhân viên,,,,7.0,9.0,năm,1,0,0,0,0,0,0,1,1,1,0,0,0,0,0,0,0,0,0,0,0,0,0,0,0,0,0,0,0,0,0,0,0,0,0,0,0,0,0,0,0,35BDAE7C
https://careerbuilder.vn/vi/tim-viec-lam/chuyen-gia-quan-tri-du-lieu-ha-noi-ta125.35BDB048.html,chuyên gia quản trị dữ liệu - hà nội - ta125,Ngân Hàng TMCP Việt Nam Thịnh Vượng - VPBANK,Hà Nội,2023-11-27,2023-10-29,Nhân viên chính thức,Cạnh tranh,Nhân viên,,,,6.0,10.0,năm,1,0,0,0,0,0,0,1,0,1,0,0,0,0,0,0,0,0,0,0,0,0,0,0,0,0,1,0,0,0,0,0,0,0,0,0,0,0,0,0,0,35BDB048
https://careerbuilder.vn/vi/tim-viec-lam/truong-phong-tu-van-trien-khai-sap.35BE18B2.html,trưởng phòng tư vấn triển khai sap,CÔNG TY CỔ PHẦN CÔNG NGHỆ CITEK,Hà Nội,2023-11-24,2023-11-15,Nhân viên chính thức,Cạnh tranh,Trưởng nhóm / Giám sát,,,,4.0,,năm,1,0,0,0,0,0,1,0,0,0,0,0,0,1,0,0,0,0,0,0,0,0,0,0,0,0,0,0,0,0,0,1,0,0,0,0,0,0,0,0,0,35BE18B2
https://careerbuilder.vn/vi/tim-viec-lam/chuyen-vien-phat-trien-ung-dung-backend-bac-a-bank-khoi-ngan-hang-so.35BDA774.html,chuyên viên phát triển ứng dụng (backend) - [bac a bank - khối ngân hàng số],Ngân Hàng Thương mại cổ phần Bắc Á- BAC A BANK,Hà Nội,2023-11-22,2023-10-24,Nhân viên chính thức,Cạnh tranh,Nhân viên,,,,3.0,7.0,năm,1,0,0,0,0,0,1,0,0,1,0,0,0,0,0,0,0,0,0,0,0,0,0,0,0,0,0,0,0,0,0,0,0,0,0,0,0,0,0,0,0,35BDA774
https://careerbuilder.vn/vi/tim-viec-lam/khoi-cntt-chuyen-vien-ban-tich-hop-du-lieu-va-bao-cao.35BE1966.html,khối cntt - chuyên viên ban tích hợp dữ liệu và báo cáo,LPBank,Hồ Chí Minh,2023-12-31,2023-11-15,Nhân viên chính thức,Cạnh tranh,Nhân viên,,,,1.0,3.0,năm,0,1,0,0,0,0,1,0,0,1,0,0,0,0,0,0,0,0,0,0,0,0,0,0,0,0,0,0,0,0,0,0,0,0,0,0,0,0,0,0,0,35BE1966
https://careerbuilder.vn/vi/tim-viec-lam/giam-doc-phan-tich-va-bao-cao-rui-ro-qlrr-msb-1y513.35BE1AB0.html,giám đốc phân tích và báo cáo rủi ro - qlrr - msb - 1y513,Ngân hàng Thương mại Cổ phần Hàng Hải Việt Nam (MSB),Hà Nội,2023-11-30,2023-11-15,Nhân viên chính thức,Cạnh tranh,Giám đốc,,,,5.0,7.0,năm,1,0,0,0,0,0,0,0,1,1,0,0,0,0,0,0,0,0,0,0,0,0,0,0,0,0,0,0,0,0,0,0,0,0,0,0,0,0,0,0,0,35BE1AB0
https://careerbuilder.vn/vi/tim-viec-lam/chuyen-gia-khoa-hoc-du-lieu-msb-df-dxa-1m412.35BEFD91.html,chuyên gia khoa học dữ liệu - msb df - dxa - 1m412,Ngân hàng Thương mại Cổ phần Hàng Hải Việt Nam (MSB),Hà Nội,2023-12-30,2023-11-16,Nhân viên chính thức,Lên đến60 Tr VND,Nhân viên,,60.0,VND,2.0,3.0,năm,1,0,0,0,0,0,1,0,0,1,0,0,0,0,0,0,0,0,0,0,0,0,0,0,0,0,0,0,0,0,0,0,0,0,0,0,0,0,0,0,0,35BEFD91
https://careerbuilder.vn/vi/tim-viec-lam/head-of-customer-360-department-ha-noi-ta003.35BDFB33.html,head of customer 360 department - hà nội - ta003,Ngân Hàng TMCP Việt Nam Thịnh Vượng - VPBANK,Hà Nội,2023-12-09,2023-11-10,Nhân viên chính thức,Cạnh tranh,Quản lý,,,,8.0,10.0,năm,1,0,0,0,0,0,1,0,0,1,0,0,0,0,0,0,1,0,0,0,0,0,0,0,0,0,0,0,0,0,0,0,0,0,0,0,0,0,0,0,0,35BDFB33
https://careerbuilder.vn/vi/tim-viec-lam/java-developer-social-platform.35BEF8AD.html,"java developer, social platform",Công ty Cổ phần Dịch vụ Di Động Trực tuyến (Ví MoMo),Hà Nội,2023-12-13,2023-11-15,Nhân viên chính thức,Cạnh tranh,Nhân viên,,,,2.0,5.0,năm,1,0,0,0,0,0,1,0,0,0,0,0,0,0,0,0,0,0,0,0,0,0,0,0,0,0,0,0,0,0,0,0,0,0,0,0,0,0,0,0,0,35BEF8AD
https://careerbuilder.vn/vi/tim-viec-lam/it-back-end-developer-java-digital-banking.35BDE739.html,it - back end developer (java) - digital banking,Ngân Hàng TMCP Phương Đông - OCB,Hồ Chí Minh,2023-11-28,2023-10-30,Nhân viên chính thức,Cạnh tranh,Nhân viên,,,,3.0,,năm,0,1,0,0,0,0,1,0,0,1,0,0,0,0,0,0,1,0,0,0,0,0,0,0,0,0,0,0,0,0,0,0,0,0,0,0,0,0,0,0,0,35BDE739
https://careerbuilder.vn/vi/tim-viec-lam/hcm-junior-middle-java-fullstack-developer.35BDC662.html,hcm - junior/middle java fullstack developer,TECHCOMBANK,"Hà Nội, Hồ Chí Minh",2023-12-11,2023-11-12,Nhân viên chính thức,Cạnh tranh,Nhân viên,,,,2.0,4.0,năm,1,1,0,0,0,0,1,0,0,1,0,0,0,0,0,0,1,0,0,0,0,0,0,0,0,0,0,0,0,0,0,0,0,0,0,0,0,0,0,0,0,35BDC662
https://careerbuilder.vn/vi/tim-viec-lam/manager-technology-governance-data-privacy.35BDC8F0.html,manager – technology governance & data privacy,Công Ty Cổ Phần GreenFeed Việt Nam,Hồ Chí Minh,2023-12-12,2023-11-13,Nhân viên chính thức,Cạnh tranh,Trưởng nhóm / Giám sát,,,,5.0,10.0,năm,0,1,0,0,0,0,1,0,0,0,0,0,0,0,0,0,1,0,0,0,0,0,0,0,0,0,0,0,0,0,0,0,0,0,0,1,0,0,0,0,0,35BDC8F0
https://careerbuilder.vn/vi/tim-viec-lam/general-accountant-english-required.35BDCF56.html,general accountant (english required),CÔNG TY TNHH THAI CORP INTERNATIONAL (VIỆT NAM),Hồ Chí Minh,2023-12-15,2023-11-16,Nhân viên chính thức,15 Tr - 20 Tr VND,Nhân viên,15.0,20.0,VND,3.0,5.0,năm,0,1,0,0,0,0,0,0,0,0,0,0,0,0,0,1,0,0,0,0,0,0,0,0,0,0,0,0,0,1,0,0,1,0,0,0,0,0,0,0,0,35BDCF56
https://careerbuilder.vn/vi/tim-viec-lam/nhan-vien-xu-ly-du-lieu.35BEDC75.html,nhân viên xử lý dữ liệu,Kompa Technology,Hồ Chí Minh,,2023-10-31,Nhân viên chính thức,Cạnh tranh,Mới tốt nghiệp,,,,,,,0,1,0,0,0,0,0,0,0,0,0,0,0,0,0,0,0,0,1,0,0,0,0,0,0,0,0,0,0,0,1,0,0,0,0,0,0,0,0,0,0,35BEDC75
https://careerbuilder.vn/vi/tim-viec-lam/crm-intern.35BEDE61.html,crm intern,SANOFI VIETNAM,Hồ Chí Minh,,2023-11-01,Thực tập,4 Tr - 8 Tr VND,Sinh viên/ Thực tập sinh,4.0,8.0,VND,,,,0,1,0,0,0,0,0,0,0,0,0,0,0,0,0,0,0,0,0,0,0,0,0,0,0,1,0,0,0,0,0,0,0,0,0,0,0,0,0,0,1,35BEDE61
https://careerbuilder.vn/vi/tim-viec-lam/cong-tac-vien-bao-cao-va-phan-tich-kinh-doanh-khoi-ngan-hang-doanh-nghiep.35BF001E.html,cộng tác viên báo cáo và phân tích kinh doanh - khối ngân hàng doanh nghiệp,Ngân Hàng TMCP Tiên Phong (TPBank),Hà Nội,2023-12-17,2023-11-17,Nhân viên chính thức,Cạnh tranh,Mới tốt nghiệp,,,,,,,1,0,0,0,0,0,0,1,1,1,0,0,0,0,0,0,0,0,0,0,0,0,0,0,0,0,0,0,0,0,0,0,0,0,0,0,0,0,0,0,0,35BF001E
https://careerbuilder.vn/vi/tim-viec-lam/marketing-intern-thuc-tap-sinh-marketing.35BEE0F6.html,marketing intern ( thực tập sinh marketing),CÔNG TY TNHH HÀNH TRÌNH EXOTIC,Hà Nội,,2023-11-01,"Nhân viên chính thức, Bán thời gian, Thời vụ/ Nghề tự do, Thực tập",3 Tr - 5 Tr VND,Sinh viên/ Thực tập sinh,3.0,5.0,VND,,,,1,0,0,0,0,0,0,0,0,0,0,0,0,0,0,0,0,0,1,0,0,0,0,0,0,0,0,0,0,0,1,0,0,0,0,0,0,0,1,0,0,35BEE0F6
